antigen_id,danger,safe,class
7,0,0.4,1
7,0,0.5,1
7,0,0.6,1
7,0,0.7,1
7,0,0.8,1
7,0,0.9,1
7,0,1,1
17,0,0.9,1
17,0,0.8,1
17,0,0.7,1
17,0,0.6,1
17,0,0.5,1
17,0,0.4,1
17,0,0.3,1
7,0,0.3,1
7,0,0.3,1
7,0,0.3,1
7,0,0.4,1
28,0,0.5,1
28,0,0.6,1
28,0,0.7,1
28,0,0.8,1
28,0,0.9,1
28,0,1,1
28,0,1,1
28,0,1,1
28,0,1,1
28,0,1,1
28,0,1,1
28,0,1,1
40,0,1,1
40,0,1,1
40,0,1,1
40,0,1,1
44,0,1,1
44,0,1,1
44,0,1,1
44,0,1,1
44,0,1,1
44,0,1,1
44,0,1,1
40,0,1,1
40,0,1,1
40,0,1,1
40,0,1,1
40,0,1,1
40,0,1,1
40,0,1,1
58,0,0.985714286,1
40,0,0.985714286,1
40,0,0.985714286,1
40,0,0.985714286,1
62,0,0.971428571,1
58,0,0.957142857,1
58,0,0.942857143,1
62,0,0.928571429,1
62,0,0.914285714,1
58,0,0.9,1
62,0,0.9,1
58,0,0.885714286,1
58,0,0.871428571,1
58,0,0.857142857,1
58,0,0.857142857,1
58,0,0.857142857,1
62,0,0.857142857,1
62,0,0.857142857,1
62,0,0.857142857,1
62,0,0.857142857,1
62,0,0.857142857,1
62,0,0.857142857,1
62,0,0.857142857,1
62,0,0.857142857,1
62,0,0.857142857,1
62,0,0.857142857,1
62,0,0.857142857,1
58,0,0.857142857,1
58,0,0.857142857,1
58,0,0.857142857,1
58,0,0.857142857,1
62,0,0.857142857,1
62,0,0.857142857,1
62,0,0.857142857,1
62,0,0.857142857,1
58,0,0.857142857,1
62,0,0.857142857,1
62,0,0.857142857,1
58,0,0.857142857,1
58,0,0.857142857,1
58,0,0.857142857,1
58,0,0.857142857,1
58,0,0.857142857,1
58,0,0.857142857,1
58,0,0.857142857,1
58,0,0.857142857,1
58,0,0.857142857,1
58,0,0.857142857,1
62,0,0.857142857,1
58,0,0.857142857,1
40,0,0.871428571,1
58,0,0.871428571,1
62,0,0.871428571,1
62,0,0.871428571,1
58,0,0.871428571,1
58,0,0.871428571,1
58,0,0.871428571,1
40,0,0.885714286,1
58,0,0.885714286,1
58,0,0.885714286,1
40,0,0.885714286,1
58,0,0.885714286,1
120,0,0.9,1
58,0,0.9,1
58,0,0.9,1
58,0,0.9,1
58,0,0.9,1
58,0,0.885714286,1
58,0,0.885714286,1
58,0,0.885714286,1
58,0,0.871428571,1
58,0,0.871428571,1
130,0,0.871428571,1
131,0,0.885714286,1
132,0,0.9,1
132,0,0.914285714,1
132,0,0.928571429,1
135,0,0.942857143,1
132,0,0.957142857,1
132,0,0.971428571,1
58,0,0.971428571,1
58,0,0.971428571,1
58,0,0.957142857,1
58,0,0.942857143,1
120,0,0.942857143,1
120,0,0.942857143,1
120,0,0.942857143,1
132,0,0.942857143,1
132,0,0.942857143,1
132,0,0.942857143,1
132,0,0.957142857,1
132,0,0.971428571,1
132,0,0.985714286,1
130,0,1,1
130,0,1,1
130,0,1,1
132,0,1,1
132,0,1,1
135,0,1,1
135,0,1,1
132,0,1,1
132,0,1,1
135,0,1,1
120,0,1,1
132,0,1,1
132,0,1,1
132,0,1,1
130,0,1,1
132,0,1,1
132,0,1,1
130,0,1,1
130,0,1,1
130,0,1,1
130,0,1,1
130,0,1,1
130,0,1,1
130,0,1,1
130,0,1,1
120,0,1,1
120,0,1,1
120,0,1,1
120,0,1,1
135,0,1,1
131,0,1,1
131,0,1,1
135,0,1,1
135,0,1,1
135,0,1,1
135,0,1,1
135,0,1,1
135,0,1,1
120,0,1,1
130,0,1,1
131,0,1,1
132,0,1,1
132,0,1,1
120,0,1,1
130,0,1,1
130,0,1,1
130,0,1,1
135,0,1,1
130,0,1,1
135,0,1,1
130,0,1,1
58,0,0.985714286,1
58,0,0.971428571,1
58,0,0.957142857,1
58,0,0.942857143,1
58,0,0.928571429,1
58,0,0.914285714,1
58,0,0.9,1
58,0,0.885714286,1
58,0,0.871428571,1
58,0,0.857142857,1
58,0,0.857142857,1
58,0,0.857142857,1
58,0,0.857142857,1
58,0,0.857142857,1
58,0,0.857142857,1
58,0,0.857142857,1
58,0,0.857142857,1
58,0,0.857142857,1
58,0,0.857142857,1
58,0,0.857142857,1
135,0,0.871428571,1
135,0,0.885714286,1
135,0,0.9,1
135,0,0.914285714,1
135,0,0.928571429,1
135,0,0.942857143,1
135,0,0.957142857,1
130,0,0.971428571,1
135,0,0.985714286,1
131,0,1,1
131,0,1,1
131,0,1,1
131,0,1,1
131,0,1,1
131,0,1,1
131,0,1,1
120,0,1,1
131,0,1,1
131,0,1,1
131,0,1,1
17,0,1,1
17,0,1,1
17,0,1,1
130,0,1,1
135,0,1,1
130,0,1,1
135,0,1,1
131,0,1,1
58,0,0.985714286,1
58,0,0.971428571,1
58,0,0.957142857,1
58,0,0.942857143,1
58,0,0.928571429,1
58,0,0.914285714,1
58,0,0.9,1
58,0,0.885714286,1
58,0,0.871428571,1
58,0,0.857142857,1
58,0,0.857142857,1
58,0,0.857142857,1
58,0,0.857142857,1
58,0,0.857142857,1
58,0,0.857142857,1
58,0,0.857142857,1
58,0,0.857142857,1
58,0,0.857142857,1
58,0,0.857142857,1
58,0,0.857142857,1
58,0,0.857142857,1
58,0,0.857142857,1
58,0,0.857142857,1
58,0,0.857142857,1
58,0,0.857142857,1
58,0,0.857142857,1
131,0,0.871428571,1
58,0,0.871428571,1
58,0,0.871428571,1
58,0,0.871428571,1
58,0,0.871428571,1
58,0,0.871428571,1
58,0,0.871428571,1
58,0,0.871428571,1
58,0,0.871428571,1
58,0,0.871428571,1
58,0,0.857142857,1
58,0,0.857142857,1
58,0,0.857142857,1
58,0,0.857142857,1
58,0,0.857142857,1
58,0,0.857142857,1
58,0,0.857142857,1
58,0,0.857142857,1
58,0,0.857142857,1
58,0,0.857142857,1
58,0,0.857142857,1
297,0,0.838095238,1
298,0,0.819047619,1
58,0,0.819047619,1
58,0,0.819047619,1
58,0,0.819047619,1
58,0,0.819047619,1
58,0,0.819047619,1
58,0,0.819047619,1
58,0,0.819047619,1
58,0,0.819047619,1
58,0,0.838095238,1
58,0,0.857142857,1
297,0,0.838095238,1
297,0,0.819047619,1
58,0,0.819047619,1
58,0,0.819047619,1
58,0,0.819047619,1
58,0,0.819047619,1
298,0,0.8,1
298,0,0.780952381,1
58,0,0.780952381,1
58,0,0.780952381,1
58,0,0.8,1
58,0,0.819047619,1
58,0,0.819047619,1
58,0,0.819047619,1
298,0,0.8,1
298,0,0.780952381,1
298,0,0.780952381,1
298,0,0.780952381,1
58,0,0.780952381,1
58,0,0.780952381,1
58,0,0.780952381,1
58,0,0.780952381,1
58,0,0.780952381,1
58,0,0.780952381,1
58,0,0.8,1
58,0,0.819047619,1
58,0,0.838095238,1
58,0,0.857142857,1
58,0,0.857142857,1
58,0,0.857142857,1
58,0,0.857142857,1
58,0,0.857142857,1
58,0,0.857142857,1
58,0,0.857142857,1
58,0,0.857142857,1
58,0,0.857142857,1
58,0,0.857142857,1
58,0,0.857142857,1
58,0,0.857142857,1
58,0,0.857142857,1
58,0,0.857142857,1
58,0,0.857142857,1
58,0,0.857142857,1
58,0,0.857142857,1
58,0,0.857142857,1
58,0,0.857142857,1
58,0,0.857142857,1
58,0,0.857142857,1
58,0,0.857142857,1
58,0,0.857142857,1
58,0,0.857142857,1
58,0,0.857142857,1
58,0,0.857142857,1
58,0,0.857142857,1
58,0,0.857142857,1
62,0,0.771428571,1
62,0,0.685714286,1
62,0,0.6,1
62,0,0.514285714,1
62,0,0.428571429,1
62,0,0.342857143,1
62,0,0.257142857,1
62,0,0.171428571,1
62,0,0.085714286,1
62,0,0,1
62,0,0,1
62,0,0,1
62,0,0,1
62,0,0,1
62,0,0,1
62,0,0,1
132,0,0,1
132,0,0,1
132,0,0,1
132,0,0,1
132,0,0,1
132,0,0,1
28,0,0.1,1
28,0,0.2,1
28,0,0.3,1
28,0,0.4,1
390,0,0.5,1
390,0,0.6,1
390,0,0.7,1
390,0,0.8,1
390,0,0.9,1
390,0,1,1
390,0,1,1
390,0,1,1
390,0,1,1
390,0,1,1
390,0,1,1
390,0,1,1
390,0,1,1
390,0,1,1
404,0,0.9,1
404,0,0.8,1
404,0,0.7,1
404,0,0.6,1
404,0,0.5,1
404,0,0.4,1
404,0,0.3,1
404,0,0.2,1
404,0,0.1,1
404,0,0,1
390,0,0.1,1
390,0,0.2,1
390,0,0.3,1
132,0,0.4,1
132,0,0.5,1
132,0,0.6,1
132,0,0.7,1
132,0,0.8,1
132,0,0.9,1
132,0,1,1
132,0,1,1
132,0,1,1
132,0,1,1
132,0,1,1
132,0,1,1
132,0,1,1
132,0,1,1
132,0,1,1
132,0,1,1
132,0,1,1
132,0,1,1
132,0,1,1
132,0,1,1
132,0,1,1
132,0,1,1
132,0,1,1
132,0,1,1
132,0,1,1
132,0,1,1
132,0,1,1
132,0,1,1
132,0,1,1
132,0,1,1
132,0,1,1
132,0,1,1
132,0,1,1
132,0,1,1
132,0,1,1
132,0,1,1
132,0,1,1
132,0,1,1
132,0,1,1
132,0,1,1
132,0,1,1
132,0,1,1
132,0,1,1
132,0,1,1
132,0,1,1
132,0,1,1
132,0,1,1
132,0,1,1
132,0,1,1
132,0,1,1
132,0,1,1
132,0,1,1
132,0,1,1
132,0,1,1
132,0,1,1
132,0,1,1
132,0,1,1
132,0,1,1
132,0,1,1
132,0,1,1
132,0,1,1
132,0,1,1
132,0,1,1
132,0,1,1
132,0,1,1
132,0,1,1
132,0,1,1
132,0,1,1
132,0,1,1
132,0,1,1
132,0,1,1
132,0,1,1
132,0,1,1
130,0,1,1
491,0,1,1
130,0,1,1
130,0,1,1
491,0,1,1
491,0,1,1
491,0,1,1
130,0,1,1
130,0,1,1
130,0,1,1
130,0,1,1
130,0,1,1
491,0,1,1
491,0,1,1
491,0,1,1
491,0,1,1
491,0,1,1
491,0,1,1
491,0,1,1
491,0,1,1
491,0,1,1
491,0,1,1
491,0,1,1
491,0,1,1
491,0,1,1
491,0,1,1
491,0,1,1
491,0,1,1
131,0,1,1
131,0,1,1
120,0,1,1
120,0,1,1
297,0,0.9,1
297,0,0.8,1
297,0,0.7,1
120,0,0.7,1
120,0,0.7,1
131,0,0.7,1
131,0,0.7,1
529,0,0.7,1
529,0,0.7,1
529,0,0.7,1
529,0,0.8,1
529,0,0.9,1
529,0,1,1
529,0,1,1
529,0,1,1
529,0,1,1
529,0,1,1
529,0,1,1
529,0,1,1
529,0,1,1
529,0,1,1
132,0,1,1
529,0,1,1
529,0,1,1
529,0,1,1
529,0,1,1
132,0,1,1
132,0,1,1
132,0,1,1
132,0,1,1
529,0,1,1
529,0,1,1
529,0,1,1
529,0,1,1
529,0,1,1
529,0,1,1
529,0,1,1
132,0,1,1
132,0,1,1
132,0,1,1
132,0,1,1
132,0,1,1
564,0,1,1
564,0,1,1
564,0,1,1
564,0,1,1
564,0,1,1
564,0,1,1
564,0,1,1
564,0,1,1
564,0,1,1
564,0,1,1
564,0,1,1
564,0,1,1
298,0,0.9,1
298,0,0.8,1
298,0,0.7,1
564,0,0.7,1
564,0,0.7,1
564,0,0.7,1
564,0,0.7,1
564,0,0.7,1
584,0,0.6,1
584,0,0.5,1
584,0,0.5,1
584,0,0.5,1
584,0,0.5,1
584,0,0.4,1
584,0,0.3,1
584,0,0.2,1
584,0,0.1,1
584,0,0,1
298,0,0,1
298,0,0,1
298,0,0,1
584,0,0,1
584,0,0,1
599,0,0,1
599,0,0,1
599,0,0,1
599,0,0,1
599,0,0,1
584,0,0,1
599,0,0,1
599,0,0,1
599,0,0,1
599,0,0,1
599,0,0,1
599,0,0,1
599,0,0,1
599,0,0,1
599,0,0,1
599,0,0,1
599,0,0,1
616,0,0,1
616,0,0,1
616,0,0,1
616,0,0,1
616,0,0,1
616,0,0,1
616,0,0,1
616,0,0,1
616,0,0,1
616,0,0,1
616,0,0,1
616,0,0,1
616,0,0,1
616,0,0,1
584,0,0,1
584,0,0,1
584,0,0,1
599,0,0,1
599,0,0,1
599,0,0,1
616,0,0,1
616,0,0,1
616,0,0,1
616,0,0,1
640,0,0.1,1
640,0,0.2,1
640,0,0.3,1
640,0,0.4,1
640,0,0.5,1
645,0,0.583333333,1
646,0,0.666666667,1
640,0,0.766666667,1
640,0,0.866666667,1
640,0,0.966666667,1
640,0,0.966666667,1
640,0,0.966666667,1
640,0,0.966666667,1
645,0,0.95,1
645,0,0.933333333,1
646,0,0.933333333,1
646,0,0.933333333,1
640,0,0.933333333,1
646,0,0.916666667,1
645,0,0.9,1
640,0,0.9,1
645,0,0.883333333,1
646,0,0.866666667,1
645,0,0.866666667,1
645,0,0.866666667,1
645,0,0.866666667,1
645,0,0.866666667,1
646,0,0.85,1
646,0,0.85,1
646,0,0.85,1
646,0,0.833333333,1
640,0,0.85,1
640,0,0.866666667,1
640,0,0.883333333,1
640,0,0.9,1
646,0,0.9,1
646,0,0.9,1
646,0,0.9,1
646,0,0.9,1
645,0,0.9,1
645,0,0.9,1
645,0,0.883333333,1
645,0,0.866666667,1
683,0,0.85,1
684,0,0.833333333,1
646,0,0.833333333,1
646,0,0.833333333,1
645,0,0.833333333,1
645,0,0.833333333,1
683,0,0.833333333,1
683,0,0.833333333,1
683,0,0.833333333,1
684,0,0.833333333,1
684,0,0.833333333,1
684,0,0.833333333,1
683,0,0.833333333,1
684,0,0.833333333,1
684,0,0.833333333,1
684,0,0.833333333,1
683,0,0.833333333,1
683,0,0.833333333,1
684,0,0.833333333,1
684,0,0.833333333,1
684,0,0.833333333,1
684,0,0.833333333,1
684,0,0.833333333,1
684,0,0.833333333,1
683,0,0.833333333,1
683,0,0.833333333,1
683,0,0.833333333,1
683,0,0.833333333,1
683,0,0.833333333,1
683,0,0.833333333,1
684,0,0.833333333,1
683,0,0.833333333,1
684,0,0.833333333,1
716,0.025,0.8,1
717,0.05,0.766666667,1
716,0.075,0.733333333,1
716,0.1,0.7,1
717,0.125,0.666666667,1
717,0.15,0.633333333,1
716,0.175,0.6,1
723,0.175,0.566666667,1
683,0.175,0.566666667,1
683,0.175,0.566666667,1
717,0.175,0.566666667,1
723,0.15,0.566666667,1
723,0.125,0.566666667,1
716,0.125,0.566666667,1
717,0.125,0.566666667,1
716,0.125,0.566666667,1
716,0.125,0.566666667,1
717,0.15,0.566666667,1
717,0.175,0.533333333,1
684,0.175,0.533333333,1
298,0.15,0.558333333,1
298,0.15,0.583333333,1
298,0.15,0.608333333,1
298,0.125,0.633333333,1
740,0.1,0.658333333,1
740,0.075,0.683333333,1
740,0.05,0.708333333,1
298,0.025,0.733333333,1
298,0,0.758333333,1
646,0,0.758333333,1
646,0,0.766666667,1
646,0,0.775,1
646,0,0.783333333,1
645,0,0.791666667,1
645,0,0.8,1
646,0,0.808333333,1
646,0,0.816666667,1
646,0,0.825,1
646,0,0.833333333,1
646,0,0.833333333,1
646,0,0.833333333,1
646,0,0.833333333,1
646,0,0.833333333,1
646,0,0.833333333,1
646,0,0.833333333,1
646,0,0.833333333,1
646,0,0.833333333,1
646,0,0.833333333,1
646,0,0.833333333,1
646,0,0.833333333,1
646,0,0.833333333,1
646,0,0.833333333,1
646,0,0.833333333,1
646,0,0.833333333,1
646,0,0.833333333,1
646,0,0.833333333,1
645,0,0.833333333,1
645,0,0.833333333,1
646,0,0.833333333,1
646,0,0.833333333,1
646,0,0.833333333,1
645,0,0.833333333,1
645,0,0.833333333,1
645,0,0.833333333,1
645,0,0.833333333,1
645,0,0.833333333,1
645,0,0.833333333,1
646,0,0.833333333,1
646,0,0.833333333,1
683,0,0.833333333,1
646,0,0.833333333,1
683,0,0.833333333,1
683,0,0.833333333,1
62,0,0.85,1
62,0,0.866666667,1
62,0,0.883333333,1
62,0,0.9,1
62,0,0.916666667,1
7,0,0.933333333,1
7,0,0.95,1
796,0,0.95,1
797,0,0.95,1
796,0,0.95,1
796,0,0.933333333,1
797,0,0.916666667,1
797,0,0.9,1
796,0,0.883333333,1
797,0,0.866666667,1
804,0,0.85,1
796,0,0.833333333,1
796,0,0.833333333,1
796,0,0.833333333,1
796,0,0.833333333,1
796,0,0.833333333,1
796,0,0.833333333,1
796,0,0.833333333,1
797,0,0.833333333,1
796,0,0.833333333,1
796,0,0.833333333,1
797,0,0.833333333,1
797,0,0.833333333,1
797,0,0.833333333,1
797,0,0.833333333,1
797,0,0.833333333,1
797,0,0.833333333,1
804,0,0.833333333,1
804,0,0.833333333,1
797,0,0.833333333,1
797,0,0.833333333,1
796,0,0.833333333,1
796,0,0.833333333,1
797,0,0.833333333,1
298,0,0.8,1
740,0,0.766666667,1
62,0,0.783333333,1
804,0,0.783333333,1
740,0,0.75,1
298,0,0.716666667,1
298,0,0.683333333,1
740,0,0.65,1
740,0,0.616666667,1
740,0,0.583333333,1
740,0,0.583333333,1
797,0,0.616666667,1
804,0,0.6,1
804,0,0.6,1
804,0,0.633333333,1
804,0,0.666666667,1
804,0,0.7,1
804,0,0.733333333,1
804,0,0.766666667,1
62,0,0.816666667,1
62,0,0.866666667,1
62,0,0.883333333,1
62,0,0.9,1
796,0,0.9,1
804,0,0.9,1
797,0,0.9,1
804,0,0.9,1
804,0,0.9,1
797,0,0.9,1
298,0,0.85,1
298,0,0.8,1
298,0,0.75,1
797,0,0.733333333,1
797,0,0.733333333,1
797,0,0.733333333,1
797,0,0.733333333,1
796,0,0.733333333,1
796,0,0.733333333,1
796,0,0.733333333,1
796,0,0.766666667,1
796,0,0.8,1
796,0,0.833333333,1
796,0,0.833333333,1
796,0,0.833333333,1
796,0,0.833333333,1
683,0,0.85,1
640,0,0.866666667,1
683,0,0.883333333,1
683,0,0.9,1
640,0,0.916666667,1
640,0,0.933333333,1
640,0,0.95,1
683,0,0.966666667,1
640,0,0.983333333,1
683,0,1,1
683,0,1,1
640,0,1,1
640,0,1,1
640,0,1,1
62,0,1,1
62,0,1,1
62,0,1,1
62,0,1,1
62,0,1,1
130,0,1,1
130,0,1,1
130,0,1,1
130,0,1,1
130,0,1,1
130,0,1,1
130,0,1,1
130,0,1,1
130,0,1,1
130,0,1,1
130,0,1,1
130,0,1,1
130,0,1,1
905,0,0.983333333,1
906,0,0.983333333,1
906,0,0.983333333,1
906,0,0.983333333,1
906,0,0.983333333,1
910,0,0.966666667,1
905,0,0.95,1
905,0,0.933333333,1
905,0,0.916666667,1
906,0,0.916666667,1
906,0,0.933333333,1
906,0,0.933333333,1
906,0,0.933333333,1
906,0,0.933333333,1
62,0,0.933333333,1
62,0,0.95,1
62,0,0.966666667,1
62,0,0.983333333,1
62,0,1,1
62,0,1,1
62,0,1,1
62,0,1,1
62,0,1,1
62,0,1,1
62,0,1,1
62,0,1,1
62,0,1,1
62,0,1,1
62,0,1,1
62,0,1,1
906,0,1,1
17,0,1,1
62,0,1,1
62,0,1,1
62,0,1,1
62,0,1,1
62,0,1,1
62,0,1,1
62,0,1,1
62,0,1,1
62,0,1,1
62,0,1,1
62,0,1,1
62,0,1,1
62,0,1,1
62,0,1,1
62,0,1,1
62,0,1,1
62,0,1,1
62,0,1,1
62,0,1,1
62,0,1,1
62,0,1,1
62,0,1,1
62,0,1,1
62,0,1,1
17,0,1,1
17,0,1,1
62,0,1,1
62,0,1,1
906,0,1,1
906,0,1,1
62,0,1,1
62,0,1,1
62,0,1,1
62,0,1,1
62,0,1,1
62,0,1,1
62,0,1,1
62,0,1,1
62,0,1,1
62,0,1,1
62,0,1,1
62,0,1,1
979,0,0.983333333,1
62,0,0.983333333,1
62,0,0.983333333,1
62,0,0.983333333,1
62,0,0.983333333,1
62,0,0.983333333,1
62,0,0.983333333,1
62,0,0.983333333,1
62,0,0.983333333,1
62,0,0.983333333,1
62,0,1,1
62,0,1,1
62,0,1,1
62,0,1,1
62,0,1,1
62,0,1,1
62,0,1,1
62,0,1,1
62,0,1,1
998,0,0.991666667,1
999,0,0.983333333,1
906,0,0.983333333,1
906,0,0.983333333,1
906,0,0.983333333,1
998,0,0.975,1
998,0,0.966666667,1
999,0,0.958333333,1
999,0,0.95,1
910,0,0.933333333,1
910,0,0.925,1
910,0,0.916666667,1
999,0,0.908333333,1
905,0,0.891666667,1
998,0,0.883333333,1
905,0,0.875,1
905,0,0.866666667,1
905,0,0.858333333,1
905,0,0.85,1
905,0,0.85,1
905,0,0.85,1
999,0,0.858333333,1
998,0,0.858333333,1
999,0,0.866666667,1
999,0,0.866666667,1
999,0,0.875,1
999,0,0.883333333,1
999,0,0.891666667,1
999,0,0.9,1
998,0,0.908333333,1
998,0,0.916666667,1
998,0,0.916666667,1
998,0,0.916666667,1
905,0,0.908333333,1
999,0,0.908333333,1
998,0,0.908333333,1
979,0,0.9,1
979,0,0.891666667,1
999,0,0.891666667,1
17,0,0.9,1
1038,0,0.898333333,1
998,0,0.896666667,1
17,0,0.895909091,1
17,0,0.903484848,1
906,0,0.911818182,1
979,0,0.910151515,1
17,0,0.917727273,1
1038,0,0.924393939,1
1038,0,0.922727273,1
17,0,0.913636364,1
906,0,0.923636364,1
906,0,0.933636364,1
906,0,0.942727273,1
1051,0,0.942727273,1
1051,0,0.933636364,1
1051,0,0.934545455,1
910,0,0.933636364,1
910,0,0.933636364,1
910,0,0.933636364,1
910,0,0.932727273,1
910,0,0.922727273,1
999,0,0.912727273,1
910,0,0.902727273,1
999,0,0.901818182,1
998,0,0.900909091,1
905,0,0.9,1
1038,0,0.9,1
17,0,0.900909091,1
999,0,0.900909091,1
999,0,0.900909091,1
1038,0,0.900909091,1
1038,0,0.900909091,1
1038,0,0.900909091,1
979,0,0.900909091,1
905,0,0.900909091,1
1073,0.01,0.865454545,1
1074,0.02,0.83,1
979,0.02,0.829090909,1
979,0.02,0.829090909,1
979,0.02,0.829090909,1
979,0.02,0.829090909,1
979,0.02,0.829090909,1
1038,0.02,0.829090909,1
1073,0.03,0.793636364,1
1073,0.04,0.758181818,1
1074,0.04,0.758181818,1
1074,0.04,0.758181818,1
1085,0.04,0.722727273,1
1086,0.05,0.687272727,1
44,0.05,0.697272727,1
1074,0.06,0.661818182,1
1073,0.07,0.626363636,1
910,0.07,0.626363636,1
1073,0.07,0.626363636,1
1074,0.07,0.626363636,1
1085,0.06,0.626363636,1
1085,0.05,0.626363636,1
1086,0.06,0.626363636,1
1086,0.06,0.626363636,1
1073,0.07,0.580909091,1
1073,0.07,0.580909091,1
1074,0.07,0.580909091,1
1074,0.08,0.545454545,1
1073,0.08,0.545454545,1
1073,0.08,0.545454545,1
1074,0.09,0.545454545,1
1074,0.1,0.545454545,1
1073,0.1,0.545454545,1
1074,0.1,0.545454545,1
44,0.09,0.590909091,1
1073,0.09,0.590909091,1
1074,0.09,0.590909091,1
1073,0.09,0.590909091,1
1074,0.09,0.590909091,1
1038,0.08,0.626363636,1
910,0.07,0.661818182,1
979,0.06,0.697272727,1
1115,0.05,0.737727273,1
1116,0.04,0.778181818,1
1086,0.05,0.732727273,1
1115,0.04,0.773181818,1
1115,0.03,0.813636364,1
1116,0.02,0.854090909,1
1116,0.01,0.894545455,1
979,0.01,0.894545455,1
1116,0.01,0.899545455,1
1115,0.01,0.904545455,1
1086,0.02,0.864090909,1
1086,0.03,0.823636364,1
1086,0.03,0.823636364,1
1086,0.04,0.783181818,1
1115,0.04,0.783181818,1
1116,0.04,0.783181818,1
1115,0.04,0.783181818,1
1115,0.04,0.788181818,1
1115,0.04,0.788181818,1
1115,0.04,0.788181818,1
1115,0.03,0.828636364,1
1115,0.02,0.869090909,1
1116,0.01,0.909545455,1
1116,0,0.95,1
1116,0,0.95,1
1116,0,0.95,1
1115,0,0.95,1
1115,0,0.95,1
1116,0,0.95,1
1116,0,0.95,1
1086,0.01,0.909545455,1
1116,0.01,0.909545455,1
1115,0.01,0.909545455,1
1116,0.01,0.909545455,1
796,0.01,0.894545455,1
1086,0.02,0.854090909,1
905,0.02,0.849090909,1
1115,0.02,0.849090909,1
1115,0.02,0.849090909,1
796,0.02,0.834090909,1
796,0.01,0.859545455,1
796,0.01,0.844545455,1
796,0.01,0.829545455,1
796,0.01,0.814545455,1
796,0.01,0.814545455,1
796,0,0.84,1
796,0,0.83,1
1085,0,0.789545455,1
796,0,0.774545455,1
1164,0.025,0.774545455,1
1165,0.025,0.774545455,1
1166,0.035,0.749090909,1
1167,0.06,0.749090909,1
1168,0.085,0.749090909,1
1086,0.095,0.723636364,1
1164,0.12,0.723636364,1
1164,0.145,0.723636364,1
796,0.145,0.749090909,1
796,0.145,0.749090909,1
1167,0.145,0.749090909,1
1167,0.17,0.749090909,1
1165,0.16,0.774545455,1
1165,0.135,0.774545455,1
796,0.11,0.774545455,1
796,0.1,0.8,1
1168,0.1,0.8,1
1168,0.1,0.8,1
1116,0.1,0.815,1
796,0.1,0.815,1
796,0.075,0.815,1
1085,0.05,0.789545455,1
1165,0.05,0.789545455,1
1164,0.075,0.789545455,1
1168,0.1,0.789545455,1
1167,0.125,0.789545455,1
1085,0.1,0.764090909,1
1085,0.075,0.738636364,1
1085,0.075,0.698181818,1
1166,0.085,0.672727273,1
1166,0.095,0.647272727,1
796,0.095,0.672727273,1
796,0.095,0.672727273,1
796,0.07,0.672727273,1
796,0.045,0.672727273,1
1165,0.02,0.672727273,1
1164,0.045,0.698181818,1
1167,0.07,0.723636364,1
1165,0.07,0.749090909,1
1165,0.06,0.774545455,1
1165,0.05,0.8,1
1165,0.05,0.8,1
1168,0.075,0.8,1
1164,0.1,0.8,1
1164,0.125,0.8,1
1164,0.15,0.8,1
1164,0.15,0.8,1
1164,0.15,0.8,1
1164,0.175,0.8,1
1167,0.2,0.8,1
1167,0.225,0.8,1
1167,0.25,0.8,1
1167,0.25,0.8,1
1167,0.25,0.8,1
1167,0.25,0.8,1
1168,0.25,0.8,1
1168,0.25,0.8,1
1168,0.25,0.8,1
1168,0.25,0.8,1
1168,0.25,0.8,1
1168,0.25,0.8,1
1085,0.225,0.774545455,1
796,0.2,0.774545455,1
1166,0.185,0.749090909,1
1228,0.16,0.723636364,1
796,0.135,0.723636364,1
1164,0.135,0.723636364,1
1164,0.135,0.723636364,1
1165,0.11,0.723636364,1
1165,0.085,0.723636364,1
1167,0.085,0.723636364,1
1167,0.11,0.749090909,1
1168,0.135,0.749090909,1
1168,0.15,0.774545455,1
905,0.15,0.81,1
905,0.15,0.82,1
1085,0.125,0.794545455,1
1166,0.11,0.769090909,1
1228,0.11,0.743636364,1
1228,0.11,0.718181818,1
1166,0.095,0.692727273,1
1166,0.08,0.667272727,1
1166,0.065,0.641818182,1
130,0.04,0.661818182,1
130,0.04,0.671818182,1
130,0.04,0.681818182,1
1116,0.04,0.722272727,1
796,0.03,0.747727273,1
130,0.03,0.793181818,1
1116,0.03,0.833636364,1
1116,0.02,0.874090909,1
130,0.01,0.919545455,1
130,0,0.965,1
130,0,0.965,1
130,0,0.965,1
130,0,0.965,1
1165,0,0.95,1
1166,0.01,0.924545455,1
1164,0.035,0.904545455,1
1165,0.035,0.889545455,1
1165,0.035,0.874545455,1
1168,0.06,0.854545455,1
40,0.06,0.854545455,1
1164,0.085,0.834545455,1
1164,0.11,0.814545455,1
1168,0.135,0.794545455,1
1168,0.16,0.794545455,1
1167,0.175,0.82,1
1167,0.175,0.82,1
1167,0.2,0.82,1
130,0.2,0.84,1
130,0.175,0.86,1
1166,0.185,0.814545455,1
130,0.16,0.834545455,1
40,0.135,0.854545455,1
130,0.11,0.874545455,1
130,0.085,0.894545455,1
130,0.06,0.914545455,1
130,0.035,0.934545455,1
130,0.01,0.954545455,1
1166,0.02,0.909090909,1
130,0.02,0.909090909,1
130,0.01,0.954545455,1
130,0.01,0.954545455,1
130,0.01,0.954545455,1
130,0.01,0.954545455,1
130,0.01,0.954545455,1
130,0.01,0.954545455,1
130,0.01,0.954545455,1
130,0.01,0.954545455,1
130,0,1,1
130,0,1,1
1296,0,0.995,1
1297,0,0.99,1
130,0,0.99,1
130,0,0.99,1
130,0,0.99,1
130,0,0.99,1
130,0,0.99,1
1296,0,0.985,1
1296,0,0.98,1
1297,0,0.975,1
1297,0,0.975,1
130,0,0.98,1
1115,0,0.975,1
1297,0,0.97,1
1296,0,0.965,1
1115,0,0.96,1
1115,0,0.955,1
1296,0,0.955,1
1297,0,0.955,1
1296,0,0.955,1
1296,0,0.955,1
1296,0,0.95,1
1296,0,0.95,1
1296,0,0.95,1
1296,0,0.95,1
1297,0,0.95,1
1297,0,0.95,1
1297,0,0.95,1
1297,0,0.95,1
1297,0,0.95,1
1297,0,0.95,1
1297,0,0.95,1
1297,0,0.95,1
1297,0,0.95,1
1297,0,0.95,1
1297,0,0.95,1
1296,0,0.95,1
740,0.025,0.936818182,1
298,0.05,0.923636364,1
298,0.075,0.910454545,1
298,0.1,0.897272727,1
740,0.125,0.884090909,1
740,0.15,0.870909091,1
1296,0.15,0.870909091,1
1296,0.15,0.870909091,1
1297,0.15,0.870909091,1
1297,0.15,0.870909091,1
1297,0.125,0.884090909,1
1297,0.1,0.897272727,1
1297,0.075,0.910454545,1
1297,0.05,0.923636364,1
1297,0.025,0.936818182,1
1297,0,0.95,1
1297,0,0.95,1
1350,0,0.955,1
1351,0,0.955,1
1350,0,0.96,1
1350,0,0.965,1
1350,0,0.97,1
1351,0,0.97,1
1351,0,0.97,1
1350,0,0.975,1
1350,0,0.98,1
1350,0,0.985,1
1350,0,0.985,1
1350,0,0.99,1
1350,0,0.99,1
1351,0,0.985,1
1364,0,0.98,1
1365,0,0.966818182,1
1364,0,0.966818182,1
1364,0,0.961818182,1
1351,0,0.956818182,1
1350,0,0.956818182,1
1365,0,0.938636364,1
1365,0,0.920454545,1
1351,0,0.915454545,1
1351,0,0.915454545,1
1351,0,0.915454545,1
1351,0,0.928636364,1
1351,0,0.928636364,1
1351,0,0.928636364,1
1364,0,0.928636364,1
1365,0,0.910454545,1
1351,0,0.923636364,1
1364,0,0.936818182,1
1351,0,0.936818182,1
1365,0,0.923636364,1
1365,0,0.910454545,1
1365,0,0.897272727,1
1351,0,0.897272727,1
1364,0,0.897272727,1
1364,0,0.897272727,1
1364,0,0.910454545,1
1364,0,0.910454545,1
1350,0,0.915454545,1
1351,0,0.913787879,1
1364,0,0.92530303,1
1364,0,0.936818182,1
1364,0,0.948333333,1
1396,0,0.946666667,1
1397,0,0.945,1
1396,0,0.943333333,1
1396,0,0.941666667,1
1397,0,0.94,1
1397,0,0.933333333,1
683,0,0.92,1
683,0,0.906666667,1
683,0,0.893333333,1
1350,0,0.9,1
1397,0,0.9,1
1396,0,0.9,1
684,0,0.886666667,1
1350,0,0.893333333,1
1397,0,0.893333333,1
1396,0,0.893333333,1
684,0,0.893333333,1
684,0,0.893333333,1
1397,0,0.906666667,1
1397,0,0.9,1
1397,0,0.9,1
1397,0,0.9,1
1397,0,0.913333333,1
1397,0,0.906666667,1
1350,0,0.913333333,1
1350,0,0.92,1
1396,0,0.933333333,1
1396,0,0.946666667,1
1396,0,0.946666667,1
1396,0,0.946666667,1
1396,0,0.946666667,1
1396,0,0.946666667,1
1428,0,0.946666667,1
1429,0,0.946666667,1
683,0,0.926666667,1
1429,0,0.92,1
1429,0,0.92,1
683,0,0.906666667,1
1397,0,0.906666667,1
1397,0,0.906666667,1
1396,0,0.906666667,1
1428,0,0.906666667,1
1428,0,0.906666667,1
1396,0,0.906666667,1
683,0,0.906666667,1
684,0,0.893333333,1
1442,0,0.88,1
683,0,0.88,1
1429,0,0.88,1
1428,0,0.88,1
1397,0,0.88,1
684,0,0.866666667,1
684,0,0.853333333,1
1442,0,0.84,1
1442,0,0.84,1
1396,0,0.853333333,1
1429,0,0.866666667,1
683,0,0.866666667,1
683,0,0.853333333,1
1455,0.025,0.835,1
1455,0.05,0.816666667,1
1455,0.075,0.811666667,1
1458,0.1,0.806666667,1
1459,0.1,0.806666667,1
1429,0.1,0.82,1
1429,0.1,0.82,1
1429,0.1,0.82,1
1429,0.1,0.833333333,1
1429,0.1,0.846666667,1
1429,0.075,0.865,1
1458,0.075,0.865,1
1458,0.075,0.865,1
1459,0.05,0.87,1
1459,0.05,0.87,1
1429,0.05,0.87,1
1429,0.05,0.87,1
1428,0.05,0.87,1
1428,0.05,0.87,1
1428,0.05,0.87,1
1428,0.05,0.87,1
1428,0.025,0.888333333,1
1429,0,0.906666667,1
1442,0,0.906666667,1
683,0,0.906666667,1
1480,0,0.888333333,1
684,0,0.875,1
1459,0,0.861666667,1
1458,0.025,0.843333333,1
1455,0.05,0.825,1
1442,0.05,0.811666667,1
1442,0.05,0.798333333,1
1442,0.05,0.785,1
1480,0.05,0.78,1
1480,0.05,0.775,1
1455,0.075,0.775,1
1458,0.1,0.77,1
1442,0.1,0.77,1
1458,0.1,0.77,1
1458,0.1,0.77,1
1455,0.125,0.765,1
1455,0.15,0.76,1
683,0.15,0.76,1
683,0.15,0.765,1
1459,0.15,0.77,1
684,0.125,0.775,1
684,0.1,0.78,1
1459,0.1,0.78,1
1459,0.075,0.785,1
1429,0.05,0.803333333,1
1428,0.025,0.821666667,1
1428,0,0.84,1
1442,0,0.84,1
1429,0,0.853333333,1
1428,0,0.866666667,1
1459,0,0.866666667,1
17,0,0.874166667,1
1051,0,0.881666667,1
1442,0,0.881666667,1
1051,0,0.875833333,1
17,0,0.87,1
17,0,0.864166667,1
1051,0,0.871666667,1
1051,0,0.865833333,1
1442,0,0.8525,1
1442,0,0.8525,1
683,0,0.845,1
683,0,0.8375,1
683,0,0.8375,1
684,0,0.83,1
1459,0,0.8225,1
1526,0,0.828333333,1
1527,0,0.834166667,1
684,0,0.826666667,1
684,0,0.826666667,1
1526,0,0.84,1
1526,0,0.853333333,1
1527,0,0.866666667,1
1527,0,0.88,1
1428,0,0.893333333,1
1442,0,0.893333333,1
1397,0,0.893333333,1
1428,0,0.893333333,1
1397,0,0.906666667,1
1397,0,0.92,1
1429,0,0.92,1
1527,0,0.92,1
1526,0,0.92,1
646,0,0.913333333,1
646,0,0.906666667,1
646,0,0.913333333,1
646,0,0.906666667,1
1526,0,0.906666667,1
1429,0,0.906666667,1
1527,0,0.906666667,1
1526,0,0.906666667,1
1526,0,0.906666667,1
1526,0,0.906666667,1
1526,0,0.913333333,1
1526,0,0.92,1
1526,0,0.926666667,1
1526,0,0.933333333,1
1526,0,0.933333333,1
1527,0,0.933333333,1
1527,0,0.933333333,1
1527,0,0.933333333,1
1527,0,0.933333333,1
1527,0,0.933333333,1
1527,0,0.933333333,1
1527,0,0.933333333,1
1527,0,0.933333333,1
646,0,0.926666667,1
646,0,0.92,1
1429,0,0.92,1
1429,0,0.92,1
646,0,0.913333333,1
1527,0,0.913333333,1
1526,0,0.913333333,1
1527,0,0.913333333,1
1526,0,0.913333333,1
646,0,0.906666667,1
1576,0.025,0.895,1
1577,0.05,0.883333333,1
1576,0.075,0.865,1
1576,0.1,0.846666667,1
1577,0.125,0.835,1
1577,0.15,0.816666667,1
1577,0.175,0.798333333,1
1576,0.2,0.78,1
1584,0.2,0.761666667,1
1527,0.2,0.768333333,1
1526,0.175,0.786666667,1
1577,0.175,0.786666667,1
1584,0.15,0.786666667,1
1584,0.125,0.786666667,1
1576,0.125,0.786666667,1
1577,0.125,0.786666667,1
1577,0.125,0.786666667,1
1576,0.125,0.786666667,1
1576,0.15,0.786666667,1
1527,0.15,0.786666667,1
1527,0.15,0.786666667,1
1527,0.125,0.805,1
1598,0.125,0.816666667,1
1598,0.125,0.828333333,1
1598,0.1,0.84,1
646,0.075,0.851666667,1
1598,0.05,0.863333333,1
646,0.025,0.875,1
1598,0,0.886666667,1
1598,0,0.88,1
1598,0,0.873333333,1
1598,0,0.866666667,1
1598,0,0.866666667,1
646,0,0.866666667,1
646,0,0.866666667,1
646,0,0.866666667,1
646,0,0.866666667,1
646,0,0.866666667,1
646,0,0.866666667,1
646,0,0.866666667,1
646,0,0.866666667,1
646,0,0.866666667,1
646,0,0.866666667,1
646,0,0.866666667,1
646,0,0.866666667,1
646,0,0.866666667,1
646,0,0.866666667,1
646,0,0.866666667,1
646,0,0.866666667,1
646,0,0.866666667,1
646,0,0.866666667,1
646,0,0.866666667,1
646,0,0.866666667,1
646,0,0.866666667,1
646,0,0.866666667,1
646,0,0.866666667,1
646,0,0.866666667,1
646,0,0.866666667,1
646,0,0.866666667,1
646,0,0.866666667,1
646,0,0.866666667,1
646,0,0.866666667,1
646,0,0.866666667,1
646,0,0.866666667,1
646,0,0.866666667,1
646,0,0.866666667,1
646,0,0.866666667,1
646,0,0.866666667,1
646,0,0.866666667,1
646,0,0.866666667,1
646,0,0.866666667,1
646,0,0.866666667,1
646,0,0.866666667,1
646,0,0.866666667,1
646,0,0.866666667,1
646,0,0.866666667,1
646,0,0.866666667,1
646,0,0.866666667,1
646,0,0.866666667,1
646,0,0.866666667,1
646,0,0.866666667,1
646,0,0.866666667,1
646,0,0.866666667,1
646,0,0.866666667,1
646,0,0.866666667,1
646,0,0.866666667,1
646,0,0.866666667,1
646,0,0.866666667,1
646,0,0.866666667,1
646,0,0.866666667,1
646,0,0.866666667,1
646,0,0.866666667,1
646,0,0.866666667,1
646,0,0.866666667,1
646,0,0.866666667,1
646,0,0.866666667,1
646,0,0.866666667,1
1598,0,0.866666667,1
1598,0,0.866666667,1
1598,0,0.866666667,1
1598,0,0.866666667,1
1598,0,0.866666667,1
1598,0,0.866666667,1
1598,0,0.866666667,1
1680,0,0.866666667,1
717,0,0.88,1
1680,0,0.88,1
1680,0,0.88,1
646,0,0.88,1
1680,0,0.88,1
1680,0,0.88,1
717,0,0.893333333,1
717,0,0.906666667,1
1680,0,0.906666667,1
1680,0,0.906666667,1
1680,0,0.893333333,1
1680,0,0.893333333,1
1680,0,0.893333333,1
1680,0,0.893333333,1
1680,0,0.893333333,1
1680,0,0.893333333,1
646,0,0.88,1
1680,0,0.866666667,1
1680,0,0.866666667,1
1598,0,0.846666667,1
1598,0,0.826666667,1
1598,0,0.806666667,1
1598,0,0.786666667,1
1598,0,0.766666667,1
1598,0,0.746666667,1
1598,0,0.726666667,1
1598,0,0.706666667,1
1598,0,0.686666667,1
1598,0,0.666666667,1
1598,0,0.666666667,1
1598,0,0.666666667,1
1598,0,0.666666667,1
1598,0,0.666666667,1
1598,0,0.666666667,1
1598,0,0.666666667,1
1598,0,0.666666667,1
716,0,0.7,1
1598,0,0.7,1
1598,0,0.7,1
716,0,0.733333333,1
716,0,0.766666667,1
1680,0,0.766666667,1
1680,0,0.766666667,1
1680,0,0.766666667,1
1680,0,0.766666667,1
1680,0,0.766666667,1
1680,0,0.733333333,1
1680,0,0.733333333,1
1680,0,0.733333333,1
1680,0,0.7,1
1680,0,0.666666667,1
1680,0,0.666666667,1
44,0,0.7,1
44,0,0.733333333,1
44,0,0.766666667,1
1736,0,0.8,1
1736,0,0.833333333,1
1736,0,0.866666667,1
1736,0,0.9,1
1736,0,0.933333333,1
1736,0,0.966666667,1
1736,0,1,1
1736,0,1,1
1736,0,1,1
1736,0,1,1
1736,0,1,1
1736,0,1,1
1736,0,1,1
1736,0,1,1
1736,0,1,1
1736,0,1,1
1736,0,1,1
1736,0,1,1
1736,0,1,1
564,0,1,1
564,0,1,1
564,0,1,1
564,0,1,1
1736,0,1,1
796,0,1,1
796,0,1,1
1116,0.05,0.98,1
1116,0.1,0.96,1
1116,0.15,0.94,1
1115,0.2,0.92,1
1115,0.25,0.9,1
1115,0.3,0.88,1
1116,0.35,0.86,1
1116,0.4,0.84,1
1115,0.45,0.82,1
1115,0.5,0.8,1
723,0.45,0.72,1
723,0.4,0.64,1
723,0.35,0.56,1
62,0.3,0.58,1
62,0.25,0.6,1
62,0.2,0.62,1
62,0.15,0.64,1
62,0.1,0.66,1
62,0.05,0.68,1
62,0,0.7,1
62,0,0.8,1
62,0,0.9,1
62,0,1,1
62,0,1,1
62,0,1,1
62,0,1,1
62,0,1,1
62,0,1,1
62,0,1,1
62,0,1,1
62,0,1,1
62,0,1,1
62,0,1,1
62,0,1,1
62,0,1,1
62,0,1,1
62,0,1,1
62,0,1,1
62,0,1,1
62,0,1,1
62,0,1,1
62,0,1,1
62,0,1,1
62,0,1,1
62,0,1,1
62,0,1,1
62,0,1,1
62,0,1,1
62,0,1,1
1598,0,0.98,1
646,0,0.96,1
646,0,0.94,1
646,0,0.92,1
646,0,0.9,1
646,0,0.88,1
646,0,0.86,1
646,0,0.84,1
646,0,0.82,1
646,0,0.8,1
646,0,0.8,1
646,0,0.8,1
646,0,0.8,1
646,0,0.8,1
646,0,0.8,1
646,0,0.8,1
646,0,0.8,1
646,0,0.8,1
646,0,0.8,1
646,0,0.8,1
646,0,0.8,1
646,0,0.8,1
646,0,0.8,1
646,0,0.8,1
646,0,0.8,1
646,0,0.8,1
646,0,0.8,1
646,0,0.8,1
646,0,0.8,1
646,0,0.8,1
646,0,0.8,1
646,0,0.8,1
646,0,0.8,1
646,0,0.8,1
646,0,0.8,1
646,0,0.8,1
646,0,0.8,1
646,0,0.8,1
646,0,0.8,1
646,0,0.8,1
646,0,0.8,1
646,0,0.8,1
646,0,0.8,1
646,0,0.8,1
646,0,0.8,1
646,0,0.8,1
646,0,0.8,1
646,0,0.8,1
1598,0,0.8,1
646,0,0.8,1
1598,0,0.8,1
1598,0,0.8,1
1598,0,0.8,1
1598,0,0.8,1
1598,0,0.8,1
1598,0,0.8,1
1598,0,0.8,1
1598,0,0.8,1
1598,0,0.8,1
1598,0,0.8,1
1598,0,0.8,1
1598,0,0.8,1
1598,0,0.8,1
1598,0,0.8,1
1598,0,0.8,1
1598,0,0.8,1
1598,0,0.8,1
1598,0,0.8,1
1598,0,0.8,1
1598,0,0.8,1
1598,0,0.8,1
1598,0,0.8,1
1598,0,0.8,1
1598,0,0.8,1
1598,0,0.8,1
1598,0,0.8,1
1598,0,0.8,1
1598,0,0.8,1
1598,0,0.8,1
1598,0,0.8,1
1598,0,0.82,1
1598,0,0.84,1
1598,0,0.86,1
1598,0,0.88,1
1598,0,0.9,1
1598,0,0.92,1
1598,0,0.94,1
1598,0,0.96,1
1598,0,0.98,1
1598,0,1,1
1598,0,1,1
1598,0,1,1
1598,0,1,1
1598,0,1,1
1598,0,1,1
1598,0,1,1
1598,0,1,1
1598,0,1,1
1598,0,1,1
1598,0,1,1
1598,0,1,1
1598,0,1,1
1598,0,1,1
1598,0,1,1
1598,0,1,1
1598,0,1,1
1598,0,1,1
1598,0,1,1
1598,0,1,1
1598,0,1,1
1598,0,1,1
1598,0,1,1
804,0,0.96,1
804,0,0.92,1
804,0,0.88,1
804,0,0.84,1
804,0,0.8,1
804,0,0.76,1
804,0,0.72,1
804,0,0.68,1
804,0,0.64,1
130,0,0.64,1
1165,0,0.64,1
130,0,0.68,1
130,0,0.72,1
130,0,0.76,1
130,0,0.8,1
796,0,0.8,1
796,0,0.8,1
796,0,0.8,1
796,0,0.8,1
796,0,0.76,1
796,0,0.76,1
796,0,0.72,1
796,0,0.68,1
1165,0,0.64,1
1165,0,0.6,1
1165,0,0.6,1
1165,0,0.6,1
1165,0,0.6,1
1165,0,0.6,1
1165,0,0.6,1
1165,0,0.6,1
390,0,0.64,1
390,0,0.68,1
640,0,0.715833333,1
999,0,0.751666667,1
1958,0,0.7875,1
905,0,0.823333333,1
999,0,0.859166667,1
999,0,0.895,1
1958,0,0.930833333,1
1958,0,0.966666667,1
640,0,0.9625,1
640,0,0.958333333,1
640,0,0.958333333,1
905,0,0.958333333,1
905,0,0.958333333,1
1958,0,0.958333333,1
683,0,0.95625,1
1442,0,0.954166667,1
1459,0,0.952083333,1
684,0,0.95,1
683,0,0.947916667,1
683,0,0.945833333,1
1459,0,0.94375,1
1459,0,0.941666667,1
1459,0,0.939583333,1
1958,0,0.939583333,1
1442,0,0.939583333,1
1442,0,0.939583333,1
684,0,0.939583333,1
684,0,0.939583333,1
1958,0,0.941666667,1
1958,0,0.94375,1
1958,0,0.945833333,1
1958,0,0.947916667,1
1958,0,0.95,1
1989,0,0.95,1
684,0,0.95,1
683,0,0.95,1
1442,0,0.95,1
684,0,0.95,1
684,0,0.947916667,1
1442,0,0.945833333,1
1442,0,0.94375,1
683,0,0.941666667,1
683,0,0.939583333,1
1989,0,0.939583333,1
1989,0,0.941666667,1
1958,0,0.94375,1
1958,0,0.945833333,1
1167,0,0.941666667,1
1167,0,0.9375,1
1168,0.02,0.933333333,1
1168,0.04,0.929166667,1
1164,0.06,0.925,1
1164,0.08,0.920833333,1
1228,0.08,0.925,1
1038,0.08,0.925,1
1038,0.08,0.925,1
998,0.08,0.925,1
998,0.08,0.93125,1
979,0.08,0.9375,1
979,0.06,0.94375,1
910,0.04,0.95,1
910,0.02,0.95625,1
1958,0,0.9625,1
2019,0,0.9625,1
2020,0,0.966666667,1
2021,0,0.970833333,1
2022,0,0.975,1
2023,0,0.979166667,1
2020,0,0.983333333,1
2020,0,0.9875,1
1038,0,0.9875,1
998,0,0.9875,1
998,0,0.9875,1
998,0,0.983333333,1
998,0,0.979166667,1
1038,0,0.975,1
1038,0,0.970833333,1
1038,0,0.966666667,1
1038,0,0.9625,1
1164,0.02,0.952083333,1
1164,0.04,0.945833333,1
1168,0.06,0.939583333,1
1168,0.08,0.933333333,1
2019,0.08,0.9375,1
2019,0.08,0.941666667,1
2023,0.08,0.945833333,1
2023,0.08,0.95,1
2022,0.08,0.954166667,1
2022,0.08,0.958333333,1
2021,0.06,0.96875,1
2021,0.04,0.979166667,1
1167,0.02,0.979166667,1
1958,0,0.985416667,1
1228,0,0.985416667,1
1228,0,0.985416667,1
1167,0,0.975,1
1958,0,0.970833333,1
979,0,0.966666667,1
979,0,0.9625,1
979,0,0.958333333,1
910,0,0.954166667,1
910,0,0.960416667,1
1167,0,0.954166667,1
1167,0,0.94375,1
1459,0,0.9375,1
684,0,0.941666667,1
683,0,0.939583333,1
906,0,0.94375,1
683,0,0.941666667,1
683,0,0.939583333,1
1459,0,0.9375,1
1459,0,0.935416667,1
684,0,0.939583333,1
684,0,0.94375,1
906,0,0.95,1
906,0,0.95625,1
683,0,0.95625,1
683,0,0.95,1
684,0,0.95,1
684,0,0.95,1
1442,0,0.95,1
1442,0,0.95,1
2019,0,0.95625,1
2020,0,0.9625,1
2021,0,0.9625,1
2022,0,0.9625,1
2023,0,0.96875,1
1397,0.05,0.972916667,1
1397,0.1,0.977083333,1
1365,0.15,0.944871795,1
1364,0.2,0.949038462,1
1364,0.25,0.953205128,1
1351,0.3,0.951121795,1
1351,0.35,0.949038462,1
1350,0.35,0.949038462,1
1350,0.35,0.949038462,1
1296,0.35,0.949038462,1
1296,0.3,0.951121795,1
1958,0.25,0.949038462,1
1527,0.2,0.985416667,1
1527,0.15,0.985416667,1
2020,0.1,0.9875,1
2020,0.05,0.989583333,1
1351,0.05,0.989583333,1
1351,0.1,0.9875,1
1350,0.1,0.9875,1
1350,0.1,0.9875,1
1350,0.1,0.9875,1
1350,0.1,0.991666667,1
1442,0.1,0.9875,1
1442,0.1,0.983333333,1
1442,0.1,0.977083333,1
1364,0.15,0.975,1
1364,0.15,0.975,1
2019,0.1,0.977083333,1
2019,0.1,0.977083333,1
2019,0.1,0.977083333,1
1480,0.15,0.938621795,1
1165,0.15,0.928205128,1
1165,0.15,0.924038462,1
1397,0.2,0.928205128,1
1397,0.25,0.932371795,1
1397,0.25,0.932371795,1
1397,0.25,0.932371795,1
2022,0.25,0.932371795,1
2022,0.25,0.932371795,1
1584,0.25,0.916987179,1
1455,0.25,0.916987179,1
1576,0.275,0.912019231,1
1051,0.325,0.91474359,1
1458,0.325,0.878365385,1
1459,0.275,0.874198718,1
2023,0.225,0.876282051,1
1459,0.175,0.872115385,1
2023,0.175,0.872115385,1
999,0.175,0.867948718,1
999,0.175,0.879166667,1
1989,0.125,0.913461538,1
1428,0.15,0.926762821,1
1428,0.15,0.932371795,1
906,0.1,0.970833333,1
906,0.1,0.977083333,1
905,0.1,0.972916667,1
905,0.1,0.975,1
2021,0.1,0.975,1
1051,0.15,0.971474359,1
1051,0.2,0.967948718,1
1480,0.25,0.933653846,1
1480,0.25,0.897275641,1
1458,0.25,0.860897436,1
1458,0.3,0.822435897,1
1455,0.35,0.783974359,1
1455,0.4,0.749679487,1
1584,0.4,0.738461538,1
1526,0.4,0.736378205,1
1526,0.35,0.741987179,1
1527,0.3,0.747596154,1
1584,0.25,0.770673077,1
1584,0.2,0.79375,1
1527,0.15,0.830128205,1
1527,0.1,0.86650641,1
1527,0.05,0.902884615,1
1527,0,0.939262821,1
796,0,0.944230769,1
796,0,0.935897436,1
1576,0.025,0.922596154,1
1576,0.05,0.909294872,1
797,0.07,0.914262821,1
797,0.09,0.919230769,1
1577,0.115,0.905929487,1
716,0.165,0.900320513,1
717,0.215,0.894711538,1
1429,0.265,0.894711538,1
1429,0.315,0.903044872,1
1365,0.365,0.875,1
1365,0.39,0.851923077,1
1296,0.365,0.867307692,1
1396,0.395,0.875641026,1
1396,0.425,0.883974359,1
1296,0.4,0.899358974,1
740,0.4,0.868589744,1
646,0.4,0.874198718,1
646,0.4,0.874198718,1
640,0.35,0.872115385,1
640,0.3,0.906410256,1
1577,0.275,0.929487179,1
1577,0.3,0.914102564,1
616,0.275,0.912019231,1
616,0.25,0.909935897,1
716,0.3,0.90224359,1
716,0.3,0.933012821,1
717,0.3,0.927403846,1
717,0.3,0.921794872,1
999,0.3,0.921794872,1
999,0.3,0.921794872,1
999,0.275,0.933012821,1
999,0.25,0.944230769,1
999,0.225,0.944230769,1
740,0.25,0.909935897,1
740,0.25,0.879166667,1
646,0.25,0.884775641,1
646,0.25,0.890384615,1
646,0.25,0.89599359,1
646,0.3,0.898076923,1
1165,0.3,0.891826923,1
1165,0.3,0.885576923,1
1165,0.3,0.879326923,1
1165,0.3,0.873076923,1
1165,0.25,0.901121795,1
1165,0.2,0.929166667,1
1526,0.15,0.929166667,1
1526,0.1,0.929166667,1
1526,0.05,0.929166667,1
1526,0,0.929166667,1
1428,0.05,0.9375,1
1428,0.1,0.945833333,1
1989,0.1,0.952083333,1
1396,0.15,0.960416667,1
1396,0.2,0.96875,1
1396,0.25,0.977083333,1
1396,0.3,0.977083333,1
797,0.32,0.96875,1
797,0.34,0.960416667,1
640,0.34,0.958333333,1
640,0.29,0.95625,1
796,0.24,0.947916667,1
1429,0.29,0.95,1
1429,0.29,0.95,1
796,0.24,0.941666667,1
796,0.19,0.933333333,1
616,0.165,0.93125,1
616,0.17,0.9375,1
616,0.175,0.94375,1
616,0.2,0.94375,1
616,0.225,0.94375,1
616,0.25,0.95,1
599,0.225,0.947916667,1
599,0.2,0.945833333,1
584,0.2,0.952083333,1
584,0.2,0.958333333,1
1736,0.175,0.960416667,1
1736,0.15,0.9625,1
1736,0.125,0.964583333,1
529,0.1,0.96875,1
529,0.075,0.972916667,1
1736,0.05,0.975,1
1736,0.025,0.977083333,1
132,0,0.979166667,1
529,0,0.983333333,1
529,0,0.9875,1
132,0,0.9875,1
390,0,0.989583333,1
390,0,0.991666667,1
132,0,0.989583333,1
132,0,0.9875,1
132,0,0.9875,1
132,0,0.9875,1
132,0,0.9875,1
132,0,0.985416667,1
390,0,0.985416667,1
390,0,0.9875,1
390,0,0.9875,1
390,0,0.9875,1
130,0,0.989583333,1
130,0,0.991666667,1
298,0.05,0.955288462,1
584,0.05,0.953205128,1
599,0.075,0.951121795,1
584,0.075,0.949038462,1
584,0.075,0.944871795,1
599,0.1,0.940705128,1
599,0.125,0.936538462,1
599,0.15,0.932371795,1
599,0.175,0.928205128,1
599,0.2,0.924038462,1
62,0.15,0.9625,1
62,0.15,0.966666667,1
298,0.175,0.932371795,1
298,0.225,0.898076923,1
135,0.225,0.90224359,1
135,0.2,0.906410256,1
1598,0.225,0.90849359,1
1598,0.25,0.910576923,1
40,0.275,0.912660256,1
1598,0.3,0.91474359,1
1598,0.35,0.912660256,1
1598,0.4,0.910576923,1
40,0.4,0.946955128,1
130,0.35,0.985416667,1
130,0.35,0.985416667,1
17,0.4,0.977724359,1
7,0.4,0.977724359,1
7,0.4,0.977724359,1
1598,0.4,0.977724359,1
17,0.4,0.972115385,1
17,0.4,0.96650641,1
62,0.35,0.968589744,1
62,0.3,0.970673077,1
135,0.3,0.970673077,1
135,0.3,0.970673077,1
135,0.25,0.978365385,1
905,0.2,0.976282051,1
905,0.15,0.974198718,1
1527,0.1,0.974198718,1
1527,0.05,0.979807692,1
40,0.05,0.985416667,1
40,0.1,0.983333333,1
40,0.15,0.98125,1
40,0.2,0.979166667,1
999,0.2,0.975,1
999,0.2,0.970833333,1
7,0.25,0.972916667,1
7,0.3,0.975,1
7,0.35,0.975,1
7,0.4,0.975,1
616,0.375,0.972916667,1
616,0.35,0.970833333,1
599,0.325,0.96875,1
599,0.3,0.966666667,1
2315,0.4,0.870833333,2
2316,0.5,0.775,2
2317,0.55,0.677083333,2
2318,0.6,0.579166667,2
2319,0.65,0.48125,2
2320,0.7,0.383333333,2
2321,0.775,0.2875,2
2322,0.85,0.191666667,2
2323,0.925,0.095833333,2
2324,1,0,2
2325,1,0,2
2326,1,0,2
2327,1,0,2
2328,1,0,2
2329,1,0,2
2330,1,0,2
2331,1,0,2
2332,1,0,2
2333,1,0,2
2334,1,0,2
2335,1,0,2
2336,1,0,2
2337,1,0,2
2338,1,0,2
2339,1,0,2
2340,1,0,2
2341,1,0,2
2342,1,0,2
2343,1,0,2
2344,1,0,2
2345,1,0,2
2346,1,0,2
2347,1,0,2
2348,1,0,2
2349,1,0,2
2350,1,0,2
2351,1,0,2
2352,1,0,2
2353,1,0,2
2354,1,0,2
2355,1,0,2
2356,1,0,2
2357,1,0,2
2358,1,0,2
2359,1,0,2
2360,1,0,2
2361,1,0,2
2362,1,0,2
2363,1,0,2
2364,1,0,2
2365,1,0,2
2366,1,0,2
2367,1,0,2
2368,1,0,2
2369,1,0,2
2370,1,0,2
2371,1,0,2
2372,1,0,2
2373,1,0,2
2374,1,0,2
2375,1,0,2
2376,1,0,2
2377,1,0,2
2378,1,0,2
2379,1,0,2
2380,1,0,2
2381,1,0,2
2382,1,0,2
2383,1,0,2
2384,1,0,2
2385,1,0,2
2386,1,0,2
2387,1,0,2
2388,1,0,2
2389,1,0,2
2390,1,0,2
2391,1,0,2
2392,1,0,2
2393,1,0,2
2394,1,0,2
2395,1,0,2
2396,1,0,2
2397,1,0,2
2398,1,0,2
2399,1,0,2
2400,1,0,2
2401,1,0,2
2402,1,0,2
2403,1,0,2
2404,1,0,2
2405,1,0,2
2406,1,0,2
2407,1,0,2
2408,1,0,2
2409,1,0,2
2410,1,0,2
2411,1,0,2
2412,1,0,2
2413,1,0,2
2414,1,0,2
2415,1,0,2
2416,1,0,2
2417,1,0,2
2418,1,0,2
2419,1,0,2
2420,1,0,2
2421,1,0,2
2422,1,0,2
2423,1,0,2
2424,1,0,2
2425,1,0,2
2426,1,0,2
2427,1,0,2
2428,1,0,2
2429,1,0,2
2430,1,0,2
2431,1,0,2
2432,1,0,2
2433,1,0,2
2434,1,0,2
2435,1,0,2
2436,1,0,2
2437,1,0,2
2438,1,0,2
2439,1,0,2
2440,1,0,2
2441,1,0,2
2442,1,0,2
2443,1,0,2
2444,1,0,2
2445,1,0,2
2446,1,0,2
2447,1,0,2
2448,1,0,2
2449,1,0,2
2450,1,0,2
2451,1,0,2
2452,1,0,2
2453,1,0,2
2454,1,0,2
2455,1,0,2
2456,1,0,2
2457,1,0,2
2458,1,0,2
2459,1,0,2
2460,1,0,2
2461,1,0,2
2462,1,0,2
2463,1,0,2
2464,1,0,2
2465,1,0,2
2466,1,0,2
2467,1,0,2
2468,1,0,2
2469,1,0,2
2470,1,0,2
2471,1,0,2
2472,1,0,2
2473,1,0,2
2474,1,0,2
2475,1,0,2
2476,1,0,2
2477,1,0,2
2478,1,0,2
2479,1,0,2
2480,1,0,2
2481,1,0,2
2482,1,0,2
2483,1,0,2
2484,1,0,2
2485,1,0,2
2486,1,0,2
2487,1,0,2
2488,1,0,2
2489,1,0,2
2490,1,0,2
2491,1,0,2
2492,1,0,2
2493,1,0,2
2494,1,0,2
2495,1,0,2
2496,1,0,2
2497,1,0,2
2498,1,0,2
2499,1,0,2
2500,1,0,2
2501,1,0,2
2502,1,0,2
2503,1,0,2
2504,1,0,2
2505,1,0,2
2506,1,0,2
2507,1,0,2
2508,1,0,2
2509,1,0,2
2510,1,0,2
2511,1,0,2
2512,1,0,2
2513,1,0,2
2514,1,0,2
2515,1,0,2
2516,1,0,2
2517,1,0,2
2518,1,0,2
2519,1,0,2
2520,1,0,2
2521,1,0,2
2522,1,0,2
2523,1,0,2
2524,1,0,2
2525,1,0,2
2526,1,0,2
2527,1,0,2
2528,1,0,2
2529,1,0,2
2530,1,0,2
2531,1,0,2
2532,1,0,2
2533,1,0,2
2534,1,0,2
2535,1,0,2
2536,1,0,2
2537,1,0,2
2538,1,0,2
2539,1,0,2
2540,1,0,2
2541,1,0,2
2542,1,0,2
2543,1,0,2
2544,1,0,2
2545,1,0,2
2546,1,0,2
2547,1,0,2
2548,1,0,2
2549,1,0,2
2550,1,0,2
2551,1,0,2
2552,1,0,2
2553,1,0,2
2554,1,0,2
2555,1,0,2
2556,1,0,2
2557,1,0,2
2558,1,0,2
2559,1,0,2
2560,1,0,2
2561,1,0,2
2562,1,0,2
2563,1,0,2
2564,1,0,2
2565,1,0,2
2566,1,0,2
2567,1,0,2
2568,1,0,2
2569,1,0,2
2570,1,0,2
2571,1,0,2
2572,1,0,2
2573,1,0,2
2574,1,0,2
2575,1,0,2
2576,1,0,2
2577,1,0,2
2578,1,0,2
2579,1,0,2
2580,1,0,2
2581,1,0,2
2582,1,0,2
2583,1,0,2
2584,1,0,2
2585,1,0,2
2586,1,0,2
2587,1,0,2
2588,1,0,2
2589,1,0,2
2590,1,0,2
2591,1,0,2
2592,1,0,2
2593,1,0,2
2594,1,0,2
2595,1,0,2
2596,1,0,2
2597,1,0,2
2598,1,0,2
2599,1,0,2
2600,1,0,2
2601,1,0,2
2602,1,0,2
2603,1,0,2
2604,1,0,2
2605,1,0,2
2606,1,0,2
2607,1,0,2
2608,1,0,2
2609,1,0,2
2610,1,0,2
2611,1,0,2
2612,1,0,2
2613,1,0,2
2614,1,0,2
2615,1,0,2
2616,1,0,2
2617,1,0,2
2618,1,0,2
2619,1,0,2
2620,1,0,2
2621,1,0,2
2622,1,0,2
2623,1,0,2
2624,1,0,2
2625,1,0,2
2626,1,0,2
2627,1,0,2
2628,1,0,2
2629,1,0,2
2630,1,0,2
2631,1,0,2
2632,1,0,2
2633,1,0,2
2634,1,0,2
2635,1,0,2
2636,1,0,2
2637,1,0,2
2638,1,0,2
2639,1,0,2
2640,1,0,2
2641,1,0,2
2642,1,0,2
2643,1,0,2
2644,1,0,2
2645,1,0,2
2646,1,0,2
2647,1,0,2
2648,1,0,2
2649,1,0,2
2650,1,0,2
2651,1,0,2
2652,1,0,2
2653,1,0,2
2654,1,0,2
2655,1,0,2
2656,1,0,2
2657,1,0,2
2658,1,0,2
2659,1,0,2
2660,1,0,2
2661,1,0,2
2662,1,0,2
2663,1,0,2
2664,1,0,2
2665,1,0,2
2666,1,0,2
2667,1,0,2
2668,1,0,2
2669,1,0,2
2670,1,0,2
2671,1,0,2
2672,1,0,2
2673,1,0,2
2674,1,0,2
2675,1,0,2
2676,1,0,2
2677,1,0,2
2678,1,0,2
2679,1,0,2
2680,1,0,2
2681,1,0,2
2682,1,0,2
2683,1,0,2
2684,1,0,2
2685,1,0,2
2686,1,0,2
2687,1,0,2
2688,1,0,2
2689,1,0,2
2690,1,0,2
2691,1,0,2
2692,1,0,2
2693,1,0,2
2694,1,0,2
2695,1,0,2
2696,1,0,2
2697,1,0,2
2698,1,0,2
2699,1,0,2
2700,1,0,2
2701,1,0,2
2702,1,0,2
2703,1,0,2
2704,1,0,2
2705,1,0,2
2706,1,0,2
2707,1,0,2
2708,1,0,2
2709,1,0,2
2710,1,0,2
2711,1,0,2
2712,1,0,2
2713,1,0,2
2714,1,0,2
2715,1,0,2
2716,1,0,2
2717,1,0,2
2718,1,0,2
2719,1,0,2
2720,1,0,2
2721,1,0,2
2722,1,0,2
2723,1,0,2
2724,1,0,2
2725,1,0,2
2726,1,0,2
2727,1,0,2
2728,1,0,2
2729,1,0,2
2730,1,0,2
2731,1,0,2
2732,1,0,2
2733,1,0,2
2734,1,0,2
2735,1,0,2
2736,1,0,2
2737,1,0,2
2738,1,0,2
2739,1,0,2
2740,1,0,2
2741,1,0,2
2742,1,0,2
2743,1,0,2
2744,1,0,2
2745,1,0,2
2746,1,0,2
2747,1,0,2
2748,1,0,2
2749,1,0,2
2750,1,0,2
2751,1,0,2
2752,1,0,2
2753,1,0,2
2754,1,0,2
2755,1,0,2
2756,1,0,2
2757,1,0,2
2758,1,0,2
2759,1,0,2
2760,1,0,2
2761,1,0,2
2762,1,0,2
2763,1,0,2
2764,1,0,2
2765,1,0,2
2766,1,0,2
2767,1,0,2
2768,1,0,2
2769,1,0,2
2770,1,0,2
2771,1,0,2
2772,1,0,2
2773,1,0,2
2774,1,0,2
2775,1,0,2
2776,1,0,2
2777,1,0,2
2778,1,0,2
2779,1,0,2
2780,1,0,2
2781,1,0,2
2782,1,0,2
2783,1,0,2
2784,1,0,2
2785,1,0,2
2786,1,0,2
2787,1,0,2
2788,1,0,2
2789,1,0,2
2790,1,0,2
2791,1,0,2
2792,1,0,2
2793,1,0,2
2794,1,0,2
2795,1,0,2
2796,1,0,2
2797,1,0,2
2798,1,0,2
2799,1,0,2
2800,1,0,2
2801,1,0,2
2802,1,0,2
2803,1,0,2
2804,1,0,2
2805,1,0,2
2806,1,0,2
2807,1,0,2
2808,1,0,2
2809,1,0,2
2810,1,0,2
2811,1,0,2
2812,1,0,2
2813,1,0,2
2814,1,0,2
2815,1,0,2
2816,1,0,2
2817,1,0,2
2818,1,0,2
2819,1,0,2
2820,1,0,2
2821,1,0,2
2822,1,0,2
2823,1,0,2
2824,1,0,2
2825,1,0,2
2826,1,0,2
2827,1,0,2
2828,1,0,2
2829,1,0,2
2830,1,0,2
2831,1,0,2
2832,1,0,2
2833,1,0,2
2834,1,0,2
2835,1,0,2
2836,1,0,2
2837,1,0,2
2838,1,0,2
2839,1,0,2
2840,1,0,2
2841,1,0,2
2842,1,0,2
2843,1,0,2
2844,1,0,2
2845,1,0,2
2846,1,0,2
2847,1,0,2
2848,1,0,2
2849,1,0,2
2850,1,0,2
2851,1,0,2
2852,1,0,2
2853,1,0,2
2854,1,0,2
2855,1,0,2
2856,1,0,2
2857,1,0,2
2858,1,0,2
2859,1,0,2
2860,1,0,2
2861,1,0,2
2862,1,0,2
2863,1,0,2
2864,1,0,2
2865,1,0,2
2866,1,0,2
2867,1,0,2
2868,1,0,2
2869,1,0,2
2870,1,0,2
2871,1,0,2
2872,1,0,2
2873,1,0,2
2874,1,0,2
2875,1,0,2
2876,1,0,2
2877,1,0,2
2878,1,0,2
2879,1,0,2
2880,1,0,2
2881,1,0,2
2882,1,0,2
2883,1,0,2
2884,1,0,2
2885,1,0,2
2886,1,0,2
2887,1,0,2
2888,1,0,2
2889,1,0,2
2890,1,0,2
2891,1,0,2
2892,1,0,2
2893,1,0,2
2894,1,0,2
2895,1,0,2
2896,1,0,2
2897,1,0,2
2898,1,0,2
2899,1,0,2
2900,1,0,2
2901,1,0,2
2902,1,0,2
2903,1,0,2
2904,1,0,2
2905,1,0,2
2906,1,0,2
2907,1,0,2
2908,1,0,2
2909,1,0,2
2910,1,0,2
2911,1,0,2
2912,1,0,2
2913,1,0,2
2914,1,0,2
2915,1,0,2
2916,1,0,2
2917,1,0,2
2918,1,0,2
2919,1,0,2
2920,1,0,2
2921,1,0,2
2922,1,0,2
2923,1,0,2
2924,1,0,2
2925,1,0,2
2926,1,0,2
2927,1,0,2
2928,1,0,2
2929,1,0,2
2930,1,0,2
2931,1,0,2
2932,1,0,2
2933,1,0,2
2934,1,0,2
2935,1,0,2
2936,1,0,2
2937,1,0,2
2938,1,0,2
2939,1,0,2
2940,1,0,2
2941,1,0,2
2942,1,0,2
2943,1,0,2
2944,1,0,2
2945,1,0,2
2946,1,0,2
2947,1,0,2
2948,1,0,2
2949,1,0,2
2950,1,0,2
2951,1,0,2
2952,1,0,2
2953,1,0,2
2954,1,0,2
2955,1,0,2
2956,1,0,2
2957,1,0,2
2958,1,0,2
2959,1,0,2
2960,1,0,2
2961,1,0,2
2962,1,0,2
2963,1,0,2
2964,1,0,2
2965,1,0,2
2966,1,0,2
2967,1,0,2
2968,1,0,2
2969,1,0,2
2970,1,0,2
2971,1,0,2
2972,1,0,2
2973,1,0,2
2974,1,0,2
2975,1,0,2
2976,1,0,2
2977,1,0,2
2978,1,0,2
2979,1,0,2
2980,1,0,2
2981,1,0,2
2982,1,0,2
2983,1,0,2
2984,1,0,2
2985,1,0,2
2986,1,0,2
2987,1,0,2
2988,1,0,2
2989,1,0,2
2990,1,0,2
2991,1,0,2
2992,1,0,2
2993,1,0,2
2994,1,0,2
2995,1,0,2
2996,1,0,2
2997,1,0,2
2998,1,0,2
2999,1,0,2
3000,1,0,2
3001,1,0,2
3002,1,0,2
3003,1,0,2
3004,1,0,2
3005,1,0,2
3006,1,0,2
3007,1,0,2
3008,1,0,2
3009,1,0,2
3010,1,0,2
3011,1,0,2
3012,1,0,2
3013,1,0,2
3014,1,0,2
3015,1,0,2
3016,1,0,2
3017,1,0,2
3018,1,0,2
3019,1,0,2
3020,1,0,2
3021,1,0,2
3022,1,0,2
3023,1,0,2
3024,1,0,2
3025,1,0,2
3026,1,0,2
3027,1,0,2
3028,1,0,2
3029,1,0,2
3030,1,0,2
3031,1,0,2
3032,1,0,2
3033,1,0,2
3034,1,0,2
3035,1,0,2
3036,1,0,2
3037,1,0,2
3038,1,0,2
3039,1,0,2
3040,1,0,2
3041,1,0,2
3042,1,0,2
3043,1,0,2
3044,1,0,2
3045,1,0,2
3046,1,0,2
3047,1,0,2
3048,1,0,2
3049,1,0,2
3050,1,0,2
3051,1,0,2
3052,1,0,2
3053,1,0,2
3054,1,0,2
3055,1,0,2
3056,1,0,2
3057,1,0,2
3058,1,0,2
3059,1,0,2
3060,1,0,2
3061,1,0,2
3062,1,0,2
3063,1,0,2
3064,1,0,2
3065,1,0,2
3066,1,0,2
3067,1,0,2
3068,1,0,2
3069,1,0,2
3070,1,0,2
3071,1,0,2
3072,1,0,2
3073,1,0,2
3074,1,0,2
3075,1,0,2
3076,1,0,2
3077,1,0,2
3078,1,0,2
3079,1,0,2
3080,1,0,2
3081,1,0,2
3082,1,0,2
3083,1,0,2
3084,1,0,2
3085,1,0,2
3086,1,0,2
3087,1,0,2
3088,1,0,2
3089,1,0,2
3090,1,0,2
3091,1,0,2
3092,1,0,2
3093,1,0,2
3094,1,0,2
3095,1,0,2
3096,1,0,2
3097,1,0,2
3098,1,0,2
3099,1,0,2
3100,1,0,2
3101,1,0,2
3102,1,0,2
3103,1,0,2
3104,1,0,2
3105,1,0,2
3106,1,0,2
3107,1,0,2
3108,1,0,2
3109,1,0,2
3110,1,0,2
3111,1,0,2
3112,1,0,2
3113,1,0,2
3114,1,0,2
3115,1,0,2
3116,1,0,2
3117,1,0,2
3118,1,0,2
3119,1,0,2
3120,1,0,2
3121,1,0,2
3122,1,0,2
3123,1,0,2
3124,1,0,2
3125,1,0,2
3126,1,0,2
3127,1,0,2
3128,1,0,2
3129,1,0,2
3130,1,0,2
3131,1,0,2
3132,1,0,2
3133,1,0,2
3134,1,0,2
3135,1,0,2
3136,1,0,2
3137,1,0,2
3138,1,0,2
3139,1,0,2
3140,1,0,2
3141,1,0,2
3142,1,0,2
3143,1,0,2
3144,1,0,2
3145,1,0,2
3146,1,0,2
3147,1,0,2
3148,1,0,2
3149,1,0,2
3150,1,0,2
3151,1,0,2
3152,1,0,2
3153,1,0,2
3154,1,0,2
3155,1,0,2
3156,1,0,2
3157,1,0,2
3158,1,0,2
3159,1,0,2
3160,1,0,2
3161,1,0,2
3162,1,0,2
3163,1,0,2
3164,1,0,2
3165,1,0,2
3166,1,0,2
3167,1,0,2
3168,1,0,2
3169,1,0,2
3170,1,0,2
3171,1,0,2
3172,1,0,2
3173,1,0,2
3174,1,0,2
3175,1,0,2
3176,1,0,2
3177,1,0,2
3178,1,0,2
3179,1,0,2
3180,1,0,2
3181,1,0,2
3182,1,0,2
3183,1,0,2
3184,1,0,2
3185,1,0,2
3186,1,0,2
3187,1,0,2
3188,1,0,2
3189,1,0,2
3190,1,0,2
3191,1,0,2
3192,1,0,2
3193,1,0,2
3194,1,0,2
3195,1,0,2
3196,1,0,2
3197,1,0,2
3198,1,0,2
3199,1,0,2
3200,1,0,2
3201,1,0,2
3202,1,0,2
3203,1,0,2
3204,1,0,2
3205,1,0,2
3206,1,0,2
3207,1,0,2
3208,1,0,2
3209,1,0,2
3210,1,0,2
3211,1,0,2
3212,1,0,2
3213,1,0,2
3214,1,0,2
3215,1,0,2
3216,1,0,2
3217,1,0,2
3218,1,0,2
3219,1,0,2
3220,1,0,2
3221,1,0,2
3222,1,0,2
3223,1,0,2
3224,1,0,2
3225,1,0,2
3226,1,0,2
3227,1,0,2
3228,1,0,2
3229,1,0,2
3230,1,0,2
3231,1,0,2
3232,1,0,2
3233,1,0,2
3234,1,0,2
3235,1,0,2
3236,1,0,2
3237,1,0,2
3238,1,0,2
3239,1,0,2
3240,1,0,2
3241,1,0,2
3242,1,0,2
3243,1,0,2
3244,1,0,2
3245,1,0,2
3246,1,0,2
3247,1,0,2
3248,1,0,2
3249,1,0,2
3250,1,0,2
3251,1,0,2
3252,1,0,2
3253,1,0,2
3254,1,0,2
3255,1,0,2
3256,1,0,2
3257,1,0,2
3258,1,0,2
3259,1,0,2
3260,1,0,2
3261,1,0,2
3262,1,0,2
3263,1,0,2
3264,1,0,2
3265,1,0,2
3266,1,0,2
3267,1,0,2
3268,1,0,2
3269,1,0,2
3270,1,0,2
3271,1,0,2
3272,1,0,2
3273,1,0,2
3274,1,0,2
3275,1,0,2
3276,1,0,2
3277,1,0,2
3278,1,0,2
3279,1,0,2
3280,1,0,2
3281,1,0,2
3282,1,0,2
3283,1,0,2
3284,1,0,2
3285,1,0,2
3286,1,0,2
3287,1,0,2
3288,1,0,2
3289,1,0,2
3290,1,0,2
3291,1,0,2
3292,1,0,2
3293,1,0,2
3294,1,0,2
3295,1,0,2
3296,1,0,2
3297,1,0,2
3298,1,0,2
3299,1,0,2
3300,1,0,2
3301,1,0,2
3302,1,0,2
3303,1,0,2
3304,1,0,2
3305,1,0,2
3306,1,0,2
3307,1,0,2
3308,1,0,2
3309,1,0,2
3310,1,0,2
3311,1,0,2
3312,1,0,2
3313,1,0,2
3314,1,0,2
3315,0.9,0,2
3315,0.8,0,2
3315,0.7,0,2
3315,0.6,0,2
3315,0.5,0,2
3320,0.4,0,2
3320,0.3,0,2
3320,0.2,0,2
3320,0.1,0,2
3320,0,0,2
3325,0.048989899,0,2
3325,0.097979798,0,2
3325,0.146969697,0,2
3325,0.195959596,0,2
3325,0.244949495,0,2
3330,0.293939394,0,2
3330,0.342929293,0,2
3330,0.391919192,0,2
3330,0.440909091,0,2
3330,0.48989899,0,2
3335,0.48989899,0,2
3335,0.48989899,0,2
3335,0.48989899,0,2
3335,0.48989899,0,2
3335,0.48989899,0,2
3340,0.48989899,0,2
3340,0.48989899,0,2
3340,0.48989899,0,2
3340,0.48989899,0,2
3340,0.48989899,0,2
3345,0.48989899,0,2
3345,0.48989899,0,2
3345,0.48989899,0,2
3345,0.48989899,0,2
3345,0.48989899,0,2
3350,0.48989899,0,2
3350,0.48989899,0,2
3350,0.48989899,0,2
3350,0.48989899,0,2
3350,0.48989899,0,2
3355,0.48989899,0,2
3355,0.48989899,0,2
3355,0.48989899,0,2
3355,0.48989899,0,2
3355,0.48989899,0,2
3360,0.48989899,0,2
3360,0.48989899,0,2
3360,0.48989899,0,2
3360,0.48989899,0,2
3360,0.48989899,0,2
3365,0.48989899,0,2
3365,0.48989899,0,2
3365,0.48989899,0,2
3365,0.48989899,0,2
3365,0.48989899,0,2
3370,0.48989899,0,2
3370,0.48989899,0,2
3370,0.48989899,0,2
3370,0.48989899,0,2
3370,0.48989899,0,2
3375,0.48989899,0,2
3375,0.48989899,0,2
3375,0.48989899,0,2
3375,0.48989899,0,2
3375,0.48989899,0,2
3380,0.48989899,0,2
3380,0.48989899,0,2
3380,0.48989899,0,2
3380,0.48989899,0,2
3380,0.48989899,0,2
3385,0.48989899,0,2
3385,0.48989899,0,2
3385,0.48989899,0,2
3385,0.48989899,0,2
3385,0.48989899,0,2
3390,0.48989899,0,2
3390,0.48989899,0,2
3390,0.48989899,0,2
3393,0.48989899,0,2
3393,0.48989899,0,2
3393,0.48989899,0,2
3390,0.48989899,0,2
3390,0.48989899,0,2
3398,0.48989899,0,2
3398,0.48989899,0,2
3398,0.48989899,0,2
3398,0.48989899,0,2
3398,0.48989899,0,2
3403,0.48989899,0,2
3403,0.48989899,0,2
3403,0.48989899,0,2
3403,0.48989899,0,2
3403,0.48989899,0,2
3408,0.48989899,0,2
3408,0.48989899,0,2
3408,0.48989899,0,2
3408,0.48989899,0,2
3408,0.48989899,0,2
3413,0.48989899,0,2
3413,0.48989899,0,2
3413,0.48989899,0,2
3413,0.48989899,0,2
3413,0.48989899,0,2
3418,0.48989899,0,2
3418,0.48989899,0,2
3418,0.48989899,0,2
3418,0.48989899,0,2
3418,0.48989899,0,2
3423,0.48989899,0,2
3423,0.48989899,0,2
3423,0.48989899,0,2
3423,0.48989899,0,2
3423,0.48989899,0,2
3428,0.48989899,0,2
3428,0.48989899,0,2
3428,0.48989899,0,2
3428,0.48989899,0,2
3428,0.48989899,0,2
3433,0.48989899,0,2
3433,0.48989899,0,2
3433,0.48989899,0,2
3393,0.48989899,0,2
3393,0.48989899,0,2
3438,0.48989899,0,2
3438,0.48989899,0,2
3433,0.48989899,0,2
3433,0.48989899,0,2
3438,0.48989899,0,2
3443,0.48989899,0,2
3443,0.48989899,0,2
3443,0.48989899,0,2
3443,0.48989899,0,2
3443,0.48989899,0,2
3448,0.48989899,0,2
3448,0.48989899,0,2
3438,0.48989899,0,2
3438,0.48989899,0,2
3448,0.48989899,0,2
3453,0.48989899,0,2
3453,0.48989899,0,2
3453,0.48989899,0,2
3448,0.48989899,0,2
3448,0.48989899,0,2
3458,0.48989899,0,2
3458,0.48989899,0,2
3458,0.48989899,0,2
3453,0.48989899,0,2
3453,0.48989899,0,2
3463,0.48989899,0,2
3463,0.48989899,0,2
3463,0.48989899,0,2
3458,0.48989899,0,2
3458,0.48989899,0,2
3468,0.48989899,0,2
3468,0.48989899,0,2
3468,0.48989899,0,2
3463,0.48989899,0,2
3463,0.48989899,0,2
3473,0.48989899,0,2
3473,0.48989899,0,2
3473,0.48989899,0,2
3468,0.48989899,0,2
3468,0.48989899,0,2
3478,0.48989899,0,2
3478,0.48989899,0,2
3478,0.48989899,0,2
3473,0.48989899,0,2
3473,0.48989899,0,2
3483,0.48989899,0,2
3483,0.48989899,0,2
3483,0.48989899,0,2
3478,0.48989899,0,2
3478,0.48989899,0,2
3488,0.48989899,0,2
3488,0.48989899,0,2
3483,0.48989899,0,2
3483,0.48989899,0,2
3488,0.48989899,0,2
3493,0.48989899,0,2
3493,0.48989899,0,2
3493,0.48989899,0,2
3488,0.48989899,0,2
3488,0.48989899,0,2
3498,0.48989899,0,2
3498,0.48989899,0,2
3498,0.48989899,0,2
3493,0.48989899,0,2
3493,0.48989899,0,2
3503,0.48989899,0,2
3503,0.48989899,0,2
3498,0.48989899,0,2
3498,0.48989899,0,2
3503,0.48989899,0,2
3508,0.48989899,0,2
3508,0.48989899,0,2
3508,0.48989899,0,2
3503,0.48989899,0,2
3503,0.48989899,0,2
3513,0.48989899,0,2
3513,0.48989899,0,2
3508,0.48989899,0,2
3508,0.48989899,0,2
3513,0.48989899,0,2
3518,0.48989899,0,2
3518,0.48989899,0,2
3518,0.48989899,0,2
3513,0.48989899,0,2
3513,0.48989899,0,2
3523,0.48989899,0,2
3523,0.48989899,0,2
3523,0.48989899,0,2
3518,0.48989899,0,2
3518,0.48989899,0,2
3528,0.48989899,0,2
3528,0.48989899,0,2
3523,0.48989899,0,2
3523,0.48989899,0,2
3528,0.48989899,0,2
3533,0.48989899,0,2
3533,0.48989899,0,2
3528,0.48989899,0,2
3528,0.48989899,0,2
3533,0.48989899,0,2
3538,0.48989899,0,2
3538,0.48989899,0,2
3533,0.48989899,0,2
3533,0.48989899,0,2
3538,0.48989899,0,2
3543,0.48989899,0,2
3543,0.48989899,0,2
3543,0.48989899,0,2
3543,0.48989899,0,2
3543,0.48989899,0,2
3548,0.48989899,0,2
3548,0.48989899,0,2
3538,0.48989899,0,2
3538,0.48989899,0,2
3548,0.48989899,0,2
3553,0.48989899,0,2
3553,0.48989899,0,2
3553,0.48989899,0,2
3548,0.48989899,0,2
3548,0.48989899,0,2
3558,0.48989899,0,2
3558,0.48989899,0,2
3553,0.48989899,0,2
3553,0.48989899,0,2
3558,0.48989899,0,2
3563,0.48989899,0,2
3563,0.48989899,0,2
3563,0.48989899,0,2
3558,0.48989899,0,2
3558,0.48989899,0,2
3568,0.48989899,0,2
3568,0.48989899,0,2
3568,0.48989899,0,2
3563,0.48989899,0,2
3563,0.48989899,0,2
3573,0.48989899,0,2
3573,0.48989899,0,2
3568,0.48989899,0,2
3568,0.48989899,0,2
3573,0.48989899,0,2
3573,0.48989899,0,2
3573,0.48989899,0,2
3580,0.48989899,0,2
3580,0.48989899,0,2
3580,0.48989899,0,2
3583,0.48989899,0,2
3583,0.48989899,0,2
3580,0.48989899,0,2
3580,0.48989899,0,2
3583,0.48989899,0,2
3588,0.48989899,0,2
3588,0.48989899,0,2
3583,0.48989899,0,2
3583,0.48989899,0,2
3588,0.48989899,0,2
3593,0.48989899,0,2
3593,0.48989899,0,2
3593,0.48989899,0,2
3588,0.48989899,0,2
3588,0.48989899,0,2
3598,0.48989899,0,2
3598,0.48989899,0,2
3593,0.48989899,0,2
3593,0.48989899,0,2
3598,0.48989899,0,2
3603,0.48989899,0,2
3603,0.48989899,0,2
3598,0.48989899,0,2
3598,0.48989899,0,2
3603,0.48989899,0,2
3608,0.48989899,0,2
3608,0.48989899,0,2
3608,0.48989899,0,2
3603,0.48989899,0,2
3603,0.48989899,0,2
3613,0.48989899,0,2
3613,0.48989899,0,2
3608,0.48989899,0,2
3608,0.48989899,0,2
3613,0.48989899,0,2
3618,0.48989899,0,2
3618,0.48989899,0,2
3613,0.48989899,0,2
3613,0.48989899,0,2
3618,0.48989899,0,2
3623,0.48989899,0,2
3623,0.48989899,0,2
3623,0.48989899,0,2
3618,0.48989899,0,2
3618,0.48989899,0,2
3628,0.48989899,0,2
3628,0.48989899,0,2
3623,0.48989899,0,2
3623,0.48989899,0,2
3632,0.48989899,0,2
3632,0.48989899,0,2
3628,0.48989899,0,2
3632,0.48989899,0,2
3628,0.48989899,0,2
3628,0.48989899,0,2
3638,0.48989899,0,2
3638,0.48989899,0,2
3632,0.48989899,0,2
3632,0.48989899,0,2
3638,0.48989899,0,2
3643,0.48989899,0,2
3643,0.48989899,0,2
3643,0.48989899,0,2
3638,0.48989899,0,2
3638,0.48989899,0,2
3648,0.48989899,0,2
3648,0.48989899,0,2
3643,0.48989899,0,2
3643,0.48989899,0,2
3648,0.48989899,0,2
3653,0.48989899,0,2
3653,0.48989899,0,2
3653,0.48989899,0,2
3648,0.48989899,0,2
3648,0.48989899,0,2
3658,0.48989899,0,2
3658,0.48989899,0,2
3658,0.48989899,0,2
3653,0.48989899,0,2
3653,0.48989899,0,2
3663,0.48989899,0,2
3663,0.48989899,0,2
3658,0.48989899,0,2
3658,0.48989899,0,2
3663,0.48989899,0,2
3668,0.48989899,0,2
3668,0.48989899,0,2
3668,0.48989899,0,2
3663,0.48989899,0,2
3663,0.48989899,0,2
3673,0.48989899,0,2
3673,0.48989899,0,2
3668,0.48989899,0,2
3668,0.48989899,0,2
3673,0.48989899,0,2
3678,0.48989899,0,2
3678,0.48989899,0,2
3678,0.48989899,0,2
3673,0.48989899,0,2
3673,0.48989899,0,2
3683,0.48989899,0,2
3683,0.48989899,0,2
3683,0.48989899,0,2
3678,0.48989899,0,2
3678,0.48989899,0,2
3683,0.48989899,0,2
3683,0.48989899,0,2
3690,0.48989899,0,2
3690,0.48989899,0,2
3692,0.48989899,0,2
3692,0.48989899,0,2
3690,0.48989899,0,2
3690,0.48989899,0,2
3690,0.48989899,0,2
3692,0.48989899,0,2
3698,0.48989899,0,2
3698,0.48989899,0,2
3692,0.48989899,0,2
3692,0.48989899,0,2
3698,0.48989899,0,2
3315,0.440909091,0,2
3315,0.391919192,0,2
3320,0.342929293,0,2
3320,0.293939394,0,2
3325,0.293939394,0,2
3325,0.293939394,0,2
3330,0.293939394,0,2
3330,0.293939394,0,2
3335,0.293939394,0,2
3335,0.293939394,0,2
3340,0.342929293,0,2
3340,0.391919192,0,2
3345,0.440909091,0,2
3345,0.48989899,0,2
3350,0.48989899,0,2
3350,0.48989899,0,2
3355,0.48989899,0,2
3355,0.48989899,0,2
3360,0.48989899,0,2
3360,0.48989899,0,2
3365,0.48989899,0,2
3365,0.48989899,0,2
3370,0.48989899,0,2
3370,0.48989899,0,2
3375,0.48989899,0,2
3375,0.48989899,0,2
3380,0.48989899,0,2
3380,0.48989899,0,2
3385,0.48989899,0,2
3385,0.48989899,0,2
3390,0.48989899,0,2
3390,0.48989899,0,2
3398,0.48989899,0,2
3398,0.48989899,0,2
3403,0.48989899,0,2
3403,0.48989899,0,2
3408,0.48989899,0,2
3408,0.48989899,0,2
3413,0.48989899,0,2
3413,0.48989899,0,2
3418,0.48989899,0,2
3418,0.48989899,0,2
3423,0.48989899,0,2
3423,0.48989899,0,2
3428,0.48989899,0,2
3428,0.48989899,0,2
3433,0.48989899,0,2
3433,0.48989899,0,2
3443,0.48989899,0,2
3443,0.48989899,0,2
3448,0.48989899,0,2
3448,0.48989899,0,2
3458,0.48989899,0,2
3468,0.48989899,0,2
3478,0.48989899,0,2
3488,0.48989899,0,2
3498,0.48989899,0,2
3508,0.48989899,0,2
3518,0.48989899,0,2
3528,0.48989899,0,2
3538,0.48989899,0,2
3553,0.48989899,0,2
3563,0.48989899,0,2
3573,0.48989899,0,2
3580,0.48989899,0,2
3588,0.48989899,0,2
3598,0.48989899,0,2
3608,0.48989899,0,2
3618,0.48989899,0,2
3628,0.48989899,0,2
3638,0.48989899,0,2
3648,0.48989899,0,2
3658,0.48989899,0,2
3668,0.48989899,0,2
3678,0.48989899,0,2
3692,0.48989899,0,2
3698,0.48989899,0,2
3780,0.48989899,0,2
3458,0.48989899,0,2
3468,0.48989899,0,2
3478,0.48989899,0,2
3488,0.48989899,0,2
3498,0.48989899,0,2
3508,0.48989899,0,2
3518,0.48989899,0,2
3528,0.48989899,0,2
3538,0.48989899,0,2
3553,0.48989899,0,2
3563,0.48989899,0,2
3573,0.48989899,0,2
3580,0.48989899,0,2
3588,0.48989899,0,2
3598,0.48989899,0,2
3608,0.48989899,0,2
3618,0.48989899,0,2
3628,0.48989899,0,2
3638,0.48989899,0,2
3648,0.48989899,0,2
3658,0.48989899,0,2
3668,0.48989899,0,2
3678,0.48989899,0,2
3692,0.48989899,0,2
3698,0.48989899,0,2
3780,0.48989899,0,2
3780,0.48989899,0,2
3780,0.48989899,0,2
3780,0.48989899,0,2
3810,0.48989899,0,2
3810,0.48989899,0,2
3810,0.48989899,0,2
3810,0.48989899,0,2
3810,0.48989899,0,2
3815,0.48989899,0,2
3815,0.48989899,0,2
3815,0.48989899,0,2
3815,0.48989899,0,2
3815,0.48989899,0,2
3820,0.48989899,0,2
3820,0.48989899,0,2
3820,0.48989899,0,2
3820,0.48989899,0,2
3820,0.48989899,0,2
3825,0.48989899,0,2
3825,0.48989899,0,2
3825,0.48989899,0,2
3825,0.48989899,0,2
3825,0.48989899,0,2
3830,0.48989899,0,2
3830,0.48989899,0,2
3830,0.48989899,0,2
3830,0.48989899,0,2
3830,0.48989899,0,2
3835,0.48989899,0,2
3835,0.48989899,0,2
3835,0.48989899,0,2
3835,0.48989899,0,2
3835,0.48989899,0,2
3840,0.48989899,0,2
3840,0.48989899,0,2
3840,0.48989899,0,2
3840,0.48989899,0,2
3840,0.48989899,0,2
3845,0.48989899,0,2
3845,0.48989899,0,2
3845,0.48989899,0,2
3845,0.48989899,0,2
3845,0.48989899,0,2
3850,0.48989899,0,2
3850,0.48989899,0,2
3850,0.48989899,0,2
3850,0.48989899,0,2
3850,0.48989899,0,2
3855,0.48989899,0,2
3855,0.48989899,0,2
3855,0.48989899,0,2
3855,0.48989899,0,2
3855,0.48989899,0,2
3860,0.48989899,0,2
3860,0.48989899,0,2
3860,0.48989899,0,2
3860,0.48989899,0,2
3860,0.48989899,0,2
3865,0.48989899,0,2
3865,0.48989899,0,2
3865,0.48989899,0,2
3865,0.48989899,0,2
3865,0.48989899,0,2
3870,0.48989899,0,2
3870,0.48989899,0,2
3870,0.48989899,0,2
3870,0.48989899,0,2
3870,0.48989899,0,2
3875,0.48989899,0,2
3875,0.48989899,0,2
3875,0.48989899,0,2
3875,0.48989899,0,2
3875,0.48989899,0,2
3880,0.48989899,0,2
3880,0.48989899,0,2
3880,0.48989899,0,2
3880,0.48989899,0,2
3880,0.48989899,0,2
3885,0.48989899,0,2
3885,0.48989899,0,2
3885,0.48989899,0,2
3885,0.48989899,0,2
3885,0.48989899,0,2
3890,0.48989899,0,2
3890,0.48989899,0,2
3890,0.48989899,0,2
3890,0.48989899,0,2
3890,0.48989899,0,2
3895,0.48989899,0,2
3895,0.48989899,0,2
3895,0.48989899,0,2
3895,0.48989899,0,2
3895,0.48989899,0,2
3900,0.48989899,0,2
3900,0.48989899,0,2
3900,0.48989899,0,2
3900,0.48989899,0,2
3900,0.48989899,0,2
3905,0.48989899,0,2
3905,0.48989899,0,2
3905,0.48989899,0,2
3905,0.48989899,0,2
3905,0.48989899,0,2
3910,0.48989899,0,2
3910,0.48989899,0,2
3910,0.48989899,0,2
3910,0.48989899,0,2
3910,0.48989899,0,2
3393,0.48989899,0,2
3393,0.48989899,0,2
3438,0.48989899,0,2
3438,0.48989899,0,2
3453,0.48989899,0,2
3453,0.48989899,0,2
3463,0.48989899,0,2
3463,0.48989899,0,2
3473,0.48989899,0,2
3473,0.48989899,0,2
3483,0.48989899,0,2
3483,0.48989899,0,2
3493,0.48989899,0,2
3493,0.48989899,0,2
3503,0.48989899,0,2
3503,0.48989899,0,2
3513,0.48989899,0,2
3513,0.48989899,0,2
3523,0.48989899,0,2
3523,0.48989899,0,2
3533,0.48989899,0,2
3533,0.48989899,0,2
3543,0.48989899,0,2
3543,0.48989899,0,2
3548,0.48989899,0,2
3548,0.48989899,0,2
3558,0.48989899,0,2
3558,0.48989899,0,2
3568,0.48989899,0,2
3568,0.48989899,0,2
3583,0.48989899,0,2
3593,0.48989899,0,2
3583,0.48989899,0,2
3603,0.48989899,0,2
3593,0.48989899,0,2
3613,0.48989899,0,2
3603,0.48989899,0,2
3623,0.48989899,0,2
3632,0.48989899,0,2
3643,0.48989899,0,2
3653,0.48989899,0,2
3663,0.48989899,0,2
3673,0.48989899,0,2
3683,0.48989899,0,2
3613,0.48989899,0,2
3690,0.48989899,0,2
3623,0.48989899,0,2
3698,0.48989899,0,2
3780,0.48989899,0,2
3810,0.48989899,0,2
3815,0.48989899,0,2
3820,0.48989899,0,2
3825,0.48989899,0,2
3632,0.48989899,0,2
3830,0.48989899,0,2
3643,0.48989899,0,2
3835,0.48989899,0,2
3653,0.48989899,0,2
3840,0.48989899,0,2
3663,0.48989899,0,2
3845,0.48989899,0,2
3673,0.48989899,0,2
3850,0.48989899,0,2
3683,0.48989899,0,2
3855,0.48989899,0,2
3690,0.48989899,0,2
3860,0.48989899,0,2
3865,0.48989899,0,2
3870,0.48989899,0,2
3698,0.48989899,0,2
3875,0.48989899,0,2
3780,0.48989899,0,2
3880,0.48989899,0,2
3810,0.48989899,0,2
3885,0.48989899,0,2
3815,0.48989899,0,2
3890,0.48989899,0,2
3820,0.48989899,0,2
3895,0.48989899,0,2
3825,0.48989899,0,2
3900,0.48989899,0,2
3830,0.48989899,0,2
3905,0.48989899,0,2
3835,0.48989899,0,2
3910,0.48989899,0,2
3840,0.48989899,0,2
3845,0.48989899,0,2
3850,0.48989899,0,2
3855,0.48989899,0,2
3860,0.48989899,0,2
3865,0.48989899,0,2
3870,0.48989899,0,2
3875,0.48989899,0,2
3880,0.48989899,0,2
3885,0.48989899,0,2
3890,0.48989899,0,2
3895,0.48989899,0,2
3900,0.48989899,0,2
3905,0.48989899,0,2
3910,0.48989899,0,2
3910,0.442929293,0,2
3905,0.441414141,0,2
3900,0.43989899,0,2
3895,0.438383838,0,2
3890,0.436868687,0,2
3885,0.435353535,0,2
3880,0.433838384,0,2
3875,0.432323232,0,2
3870,0.430808081,0,2
3865,0.429292929,0,2
3860,0.474747475,0,2
3855,0.474747475,0,2
3850,0.474747475,0,2
3845,0.474747475,0,2
3840,0.474747475,0,2
3835,0.429292929,0,2
3830,0.429292929,0,2
3825,0.429292929,0,2
3820,0.383838384,0,2
3815,0.383838384,0,2
3810,0.383838384,0,2
3780,0.383838384,0,2
3698,0.383838384,0,2
3692,0.383838384,0,2
3690,0.383838384,0,2
3683,0.429292929,0,2
3678,0.429292929,0,2
3673,0.429292929,0,2
3910,0.429292929,0,2
3668,0.429292929,0,2
3663,0.429292929,0,2
3658,0.429292929,0,2
3653,0.429292929,0,2
3648,0.429292929,0,2
3643,0.429292929,0,2
3638,0.429292929,0,2
3632,0.429292929,0,2
3628,0.429292929,0,2
3623,0.474747475,0,2
3678,0.474747475,0,2
3618,0.474747475,0,2
3613,0.474747475,0,2
3608,0.474747475,0,2
3603,0.474747475,0,2
3598,0.474747475,0,2
3593,0.474747475,0,2
3588,0.474747475,0,2
3583,0.474747475,0,2
3580,0.474747475,0,2
3573,0.474747475,0,2
3568,0.474747475,0,2
3563,0.474747475,0,2
3558,0.474747475,0,2
3553,0.474747475,0,2
3548,0.474747475,0,2
3543,0.474747475,0,2
3538,0.474747475,0,2
3533,0.474747475,0,2
3528,0.474747475,0,2
3523,0.474747475,0,2
3518,0.474747475,0,2
3513,0.474747475,0,2
3508,0.474747475,0,2
3503,0.474747475,0,2
3498,0.474747475,0,2
3493,0.474747475,0,2
3488,0.474747475,0,2
3483,0.474747475,0,2
3478,0.474747475,0,2
3473,0.429292929,0,2
3468,0.429292929,0,2
3463,0.429292929,0,2
3458,0.429292929,0,2
3453,0.429292929,0,2
3448,0.429292929,0,2
3443,0.429292929,0,2
3438,0.429292929,0,2
3433,0.429292929,0,2
3428,0.429292929,0,2
3423,0.474747475,0,2
3418,0.474747475,0,2
3413,0.474747475,0,2
3408,0.474747475,0,2
3403,0.474747475,0,2
3398,0.429292929,0,2
3393,0.429292929,0,2
3390,0.429292929,0,2
3385,0.429292929,0,2
3380,0.429292929,0,2
3375,0.429292929,0,2
3370,0.429292929,0,2
3365,0.429292929,0,2
3360,0.429292929,0,2
3355,0.429292929,0,2
3350,0.474747475,0,2
3345,0.474747475,0,2
3340,0.474747475,0,2
3335,0.474747475,0,2
3330,0.474747475,0,2
3325,0.474747475,0,2
3320,0.474747475,0,2
3315,0.474747475,0,2
3910,0.429292929,0,2
3678,0.429292929,0,2
3678,0.429292929,0,2
3643,0.429292929,0,2
3643,0.429292929,0,2
3673,0.429292929,0,2
3673,0.429292929,0,2
3613,0.429292929,0,2
3613,0.429292929,0,2
3632,0.429292929,0,2
3678,0.474747475,0,2
3643,0.474747475,0,2
3643,0.474747475,0,2
3673,0.474747475,0,2
3673,0.474747475,0,2
3613,0.474747475,0,2
3613,0.474747475,0,2
3632,0.474747475,0,2
3632,0.474747475,0,2
3663,0.474747475,0,2
3663,0.474747475,0,2
3563,0.474747475,0,2
3563,0.474747475,0,2
3418,0.474747475,0,2
3418,0.474747475,0,2
3533,0.474747475,0,2
3533,0.474747475,0,2
3580,0.474747475,0,2
3580,0.474747475,0,2
3573,0.474747475,0,2
3573,0.474747475,0,2
3558,0.474747475,0,2
3558,0.474747475,0,2
3553,0.474747475,0,2
3553,0.474747475,0,2
3538,0.474747475,0,2
3538,0.474747475,0,2
3623,0.474747475,0,2
3623,0.474747475,0,2
3632,0.474747475,0,2
3663,0.474747475,0,2
3663,0.474747475,0,2
3513,0.474747475,0,2
3563,0.474747475,0,2
3563,0.474747475,0,2
3513,0.474747475,0,2
3418,0.474747475,0,2
3418,0.474747475,0,2
3533,0.474747475,0,2
3533,0.474747475,0,2
3320,0.474747475,0,2
3320,0.474747475,0,2
3580,0.474747475,0,2
3580,0.474747475,0,2
3573,0.474747475,0,2
3573,0.474747475,0,2
3558,0.474747475,0,2
3558,0.474747475,0,2
3553,0.474747475,0,2
3553,0.474747475,0,2
3538,0.474747475,0,2
3538,0.474747475,0,2
3593,0.474747475,0,2
3603,0.474747475,0,2
3593,0.474747475,0,2
3603,0.474747475,0,2
3623,0.474747475,0,2
3623,0.474747475,0,2
3513,0.474747475,0,2
3513,0.474747475,0,2
3320,0.474747475,0,2
3423,0.474747475,0,2
3320,0.474747475,0,2
3423,0.474747475,0,2
3583,0.474747475,0,2
3583,0.474747475,0,2
3335,0.474747475,0,2
3335,0.474747475,0,2
3593,0.474747475,0,2
3603,0.474747475,0,2
3593,0.474747475,0,2
3603,0.474747475,0,2
3433,0.474747475,0,2
3433,0.474747475,0,2
3423,0.474747475,0,2
3423,0.474747475,0,2
3583,0.474747475,0,2
3583,0.474747475,0,2
3335,0.474747475,0,2
3335,0.474747475,0,2
3568,0.474747475,0,2
3468,0.474747475,0,2
3568,0.474747475,0,2
3468,0.474747475,0,2
3433,0.474747475,0,2
3433,0.474747475,0,2
3360,0.474747475,0,2
3360,0.474747475,0,2
3568,0.474747475,0,2
3468,0.474747475,0,2
3568,0.474747475,0,2
3468,0.474747475,0,2
3360,0.474747475,0,2
3360,0.474747475,0,2
3543,0.474747475,0,2
3483,0.474747475,0,2
3483,0.474747475,0,2
3543,0.474747475,0,2
3428,0.474747475,0,2
3428,0.474747475,0,2
3403,0.474747475,0,2
3648,0.474747475,0,2
3543,0.474747475,0,2
3648,0.474747475,0,2
3483,0.474747475,0,2
3483,0.474747475,0,2
3543,0.474747475,0,2
3403,0.474747475,0,2
3488,0.474747475,0,2
3488,0.474747475,0,2
3428,0.474747475,0,2
3428,0.474747475,0,2
3403,0.474747475,0,2
3648,0.474747475,0,2
3648,0.474747475,0,2
3528,0.474747475,0,2
3528,0.474747475,0,2
3403,0.474747475,0,2
3488,0.474747475,0,2
3488,0.474747475,0,2
3355,0.474747475,0,2
3355,0.474747475,0,2
3345,0.474747475,0,2
3473,0.429292929,0,2
3345,0.429292929,0,2
3528,0.429292929,0,2
3528,0.429292929,0,2
3315,0.429292929,0,2
3355,0.429292929,0,2
3315,0.429292929,0,2
3355,0.429292929,0,2
3438,0.429292929,0,2
3345,0.429292929,0,2
3473,0.429292929,0,2
3345,0.429292929,0,2
3393,0.429292929,0,2
3408,0.429292929,0,2
3393,0.429292929,0,2
3453,0.429292929,0,2
3408,0.429292929,0,2
3398,0.383838384,0,2
3438,0.383838384,0,2
3315,0.383838384,0,2
3315,0.429292929,0,2
3438,0.429292929,0,2
3453,0.429292929,0,2
3618,0.429292929,0,2
3493,0.429292929,0,2
3493,0.429292929,0,2
3618,0.429292929,0,2
3393,0.474747475,0,2
3408,0.474747475,0,2
3393,0.474747475,0,2
3453,0.474747475,0,2
3408,0.474747475,0,2
3398,0.429292929,0,2
3438,0.429292929,0,2
3453,0.429292929,0,2
3503,0.429292929,0,2
3503,0.429292929,0,2
3375,0.429292929,0,2
3365,0.429292929,0,2
3618,0.429292929,0,2
3493,0.429292929,0,2
3385,0.429292929,0,2
3493,0.474747475,0,2
3618,0.474747475,0,2
3375,0.474747475,0,2
3365,0.474747475,0,2
3385,0.474747475,0,2
3340,0.474747475,0,2
3340,0.474747475,0,2
3503,0.474747475,0,2
3503,0.474747475,0,2
3375,0.474747475,0,2
3365,0.474747475,0,2
3385,0.474747475,0,2
3375,0.474747475,0,2
3365,0.474747475,0,2
3385,0.474747475,0,2
3340,0.474747475,0,2
3340,0.474747475,0,2
3692,0.474747475,0,2
3330,0.474747475,0,2
3330,0.474747475,0,2
3690,0.474747475,0,2
3325,0.474747475,0,2
3692,0.474747475,0,2
3325,0.474747475,0,2
3698,0.474747475,0,2
3523,0.474747475,0,2
3523,0.474747475,0,2
3690,0.474747475,0,2
3463,0.474747475,0,2
3698,0.474747475,0,2
3692,0.474747475,0,2
3330,0.474747475,0,2
3330,0.474747475,0,2
3690,0.474747475,0,2
3325,0.474747475,0,2
3692,0.474747475,0,2
3325,0.474747475,0,2
3463,0.474747475,0,2
3780,0.474747475,0,2
3698,0.474747475,0,2
3523,0.474747475,0,2
3780,0.474747475,0,2
3523,0.474747475,0,2
3690,0.474747475,0,2
3463,0.474747475,0,2
3698,0.474747475,0,2
3588,0.474747475,0,2
3588,0.474747475,0,2
3463,0.474747475,0,2
3780,0.474747475,0,2
3780,0.474747475,0,2
3588,0.474747475,0,2
3588,0.474747475,0,2
3810,0.474747475,0,2
3608,0.474747475,0,2
3608,0.474747475,0,2
3478,0.474747475,0,2
3478,0.474747475,0,2
3443,0.474747475,0,2
3443,0.474747475,0,2
3810,0.474747475,0,2
3810,0.474747475,0,2
3608,0.474747475,0,2
3608,0.474747475,0,2
3478,0.474747475,0,2
3478,0.474747475,0,2
3350,0.474747475,0,2
3350,0.474747475,0,2
3443,0.474747475,0,2
3443,0.474747475,0,2
3810,0.474747475,0,2
3628,0.474747475,0,2
3628,0.474747475,0,2
3683,0.474747475,0,2
3350,0.474747475,0,2
3350,0.474747475,0,2
3668,0.474747475,0,2
3668,0.474747475,0,2
3638,0.474747475,0,2
3683,0.474747475,0,2
3638,0.474747475,0,2
3628,0.474747475,0,2
3628,0.474747475,0,2
3683,0.474747475,0,2
3668,0.474747475,0,2
3668,0.474747475,0,2
3548,0.474747475,0,2
3548,0.474747475,0,2
3638,0.474747475,0,2
3683,0.474747475,0,2
3638,0.474747475,0,2
3820,0.429292929,0,2
3548,0.429292929,0,2
3548,0.429292929,0,2
3820,0.383838384,0,2
3845,0.383838384,0,2
3390,0.383838384,0,2
3390,0.383838384,0,2
3845,0.383838384,0,2
3380,0.383838384,0,2
3380,0.383838384,0,2
3413,0.429292929,0,2
3413,0.429292929,0,2
3845,0.429292929,0,2
3390,0.474747475,0,2
3390,0.474747475,0,2
3845,0.474747475,0,2
3380,0.474747475,0,2
3380,0.474747475,0,2
3448,0.474747475,0,2
3448,0.474747475,0,2
3413,0.474747475,0,2
3413,0.474747475,0,2
3370,0.474747475,0,2
3370,0.474747475,0,2
3448,0.474747475,0,2
3448,0.474747475,0,2
3518,0.474747475,0,2
3518,0.474747475,0,2
3458,0.474747475,0,2
3458,0.474747475,0,2
3370,0.474747475,0,2
3370,0.474747475,0,2
3598,0.474747475,0,2
3598,0.474747475,0,2
3658,0.474747475,0,2
3518,0.474747475,0,2
3518,0.474747475,0,2
3658,0.474747475,0,2
3458,0.474747475,0,2
3458,0.474747475,0,2
3653,0.474747475,0,2
3508,0.474747475,0,2
3653,0.474747475,0,2
3508,0.474747475,0,2
3598,0.474747475,0,2
3598,0.474747475,0,2
3658,0.474747475,0,2
3658,0.474747475,0,2
3498,0.474747475,0,2
3653,0.474747475,0,2
3508,0.474747475,0,2
3653,0.474747475,0,2
3508,0.474747475,0,2
3498,0.474747475,0,2
3825,0.474747475,0,2
3815,0.474747475,0,2
3830,0.474747475,0,2
3825,0.474747475,0,2
3835,0.429292929,0,2
3498,0.429292929,0,2
3815,0.429292929,0,2
3498,0.429292929,0,2
3825,0.429292929,0,2
3815,0.429292929,0,2
3840,0.429292929,0,2
3830,0.429292929,0,2
3830,0.429292929,0,2
3840,0.429292929,0,2
3825,0.474747475,0,2
3835,0.429292929,0,2
3815,0.429292929,0,2
3850,0.429292929,0,2
3855,0.429292929,0,2
3840,0.429292929,0,2
3830,0.429292929,0,2
3840,0.429292929,0,2
3850,0.429292929,0,2
3860,0.429292929,0,2
3855,0.429292929,0,2
3850,0.474747475,0,2
3860,0.474747475,0,2
3855,0.474747475,0,2
3850,0.474747475,0,2
3860,0.474747475,0,2
3855,0.474747475,0,2
3860,0.474747475,0,2
3865,0.474747475,0,2
3865,0.474747475,0,2
3865,0.474747475,0,2
3865,0.474747475,0,2
3885,0.474747475,0,2
3885,0.474747475,0,2
3890,0.474747475,0,2
3890,0.474747475,0,2
3880,0.474747475,0,2
3880,0.474747475,0,2
3885,0.474747475,0,2
3885,0.474747475,0,2
3875,0.474747475,0,2
3875,0.474747475,0,2
3890,0.474747475,0,2
3890,0.474747475,0,2
3880,0.474747475,0,2
3880,0.474747475,0,2
3870,0.474747475,0,2
3870,0.474747475,0,2
3875,0.474747475,0,2
3875,0.474747475,0,2
3870,0.474747475,0,2
3870,0.474747475,0,2
3905,0.474747475,0,2
3905,0.474747475,0,2
3900,0.474747475,0,2
3900,0.474747475,0,2
3895,0.474747475,0,2
3895,0.474747475,0,2
3905,0.474747475,0,2
3905,0.474747475,0,2
3900,0.474747475,0,2
3900,0.474747475,0,2
3895,0.474747475,0,2
3895,0.474747475,0,2
4505,0.527272727,0,2
4506,0.57979798,0,2
4507,0.632323232,0,2
4508,0.684848485,0,2
4509,0.737373737,0,2
4510,0.78989899,0,2
4511,0.842424242,0,2
4512,0.894949495,0,2
4513,0.947474747,0,2
4514,1,0,2
4515,1,0,2
4516,1,0,2
4517,1,0,2
4518,1,0,2
4519,1,0,2
4520,1,0,2
4521,1,0,2
4522,1,0,2
4523,1,0,2
4524,1,0,2
4525,1,0,2
4526,1,0,2
4527,1,0,2
4528,1,0,2
4529,1,0,2
4530,1,0,2
4531,1,0,2
4532,1,0,2
4533,1,0,2
4534,1,0,2
4535,1,0,2
4536,1,0,2
4537,1,0,2
4538,1,0,2
4539,1,0,2
4540,1,0,2
4541,1,0,2
4542,1,0,2
4543,1,0,2
4544,1,0,2
4545,1,0,2
4546,1,0,2
4547,1,0,2
4548,1,0,2
4549,1,0,2
4550,1,0,2
4551,1,0,2
4552,1,0,2
4553,1,0,2
4554,1,0,2
4555,1,0,2
4556,1,0,2
4557,1,0,2
4558,1,0,2
4559,1,0,2
4560,1,0,2
4561,1,0,2
4562,1,0,2
4563,1,0,2
4564,1,0,2
4565,1,0,2
4566,1,0,2
4567,1,0,2
4568,1,0,2
4569,1,0,2
4570,1,0,2
4571,1,0,2
4572,1,0,2
4573,1,0,2
4574,1,0,2
4575,1,0,2
4576,1,0,2
4577,1,0,2
4578,1,0,2
4579,1,0,2
4580,1,0,2
4581,1,0,2
4582,1,0,2
4583,1,0,2
4584,1,0,2
4585,1,0,2
4586,1,0,2
4587,1,0,2
4588,1,0,2
4589,1,0,2
4590,1,0,2
4591,1,0,2
4592,1,0,2
4593,1,0,2
4594,1,0,2
4595,1,0,2
4596,1,0,2
4597,1,0,2
4598,1,0,2
4599,1,0,2
4600,1,0,2
4601,1,0,2
4602,1,0,2
4603,1,0,2
4604,1,0,2
4605,1,0,2
4606,1,0,2
4607,1,0,2
4608,1,0,2
4609,1,0,2
4610,1,0,2
4611,1,0,2
4612,1,0,2
4613,1,0,2
4614,1,0,2
4615,1,0,2
4616,1,0,2
4617,1,0,2
4618,1,0,2
4619,1,0,2
4620,1,0,2
4621,1,0,2
4622,1,0,2
4623,1,0,2
4624,1,0,2
4625,1,0,2
4626,1,0,2
4627,1,0,2
4628,1,0,2
4629,1,0,2
4630,1,0,2
4631,1,0,2
4632,1,0,2
4633,1,0,2
4634,1,0,2
4635,1,0,2
4636,1,0,2
4637,1,0,2
4638,1,0,2
4639,1,0,2
4640,1,0,2
4641,1,0,2
4642,1,0,2
4643,1,0,2
4644,1,0,2
4645,1,0,2
4646,1,0,2
4647,1,0,2
4648,1,0,2
4649,1,0,2
4650,1,0,2
4651,1,0,2
4652,1,0,2
4653,1,0,2
4654,1,0,2
4655,1,0,2
4656,1,0,2
4657,1,0,2
4658,1,0,2
4659,1,0,2
4660,1,0,2
4661,1,0,2
4662,1,0,2
4663,1,0,2
4664,1,0,2
4665,1,0,2
4666,1,0,2
4667,1,0,2
4668,1,0,2
4669,1,0,2
4670,1,0,2
4671,1,0,2
4672,1,0,2
4673,1,0,2
4674,1,0,2
4675,1,0,2
4676,1,0,2
4677,1,0,2
4678,1,0,2
4679,1,0,2
4680,1,0,2
4681,1,0,2
4682,1,0,2
4683,1,0,2
4684,1,0,2
4685,1,0,2
4686,1,0,2
4687,1,0,2
4688,1,0,2
4689,1,0,2
4690,1,0,2
4691,1,0,2
4692,1,0,2
4693,1,0,2
4694,1,0,2
4695,1,0,2
4696,1,0,2
4697,1,0,2
4698,1,0,2
4699,1,0,2
4700,1,0,2
4701,1,0,2
4702,1,0,2
4703,1,0,2
4704,1,0,2
4705,1,0,2
4706,1,0,2
4707,1,0,2
4708,1,0,2
4709,1,0,2
4710,1,0,2
4711,1,0,2
4712,1,0,2
4713,1,0,2
4714,1,0,2
4715,1,0,2
4716,1,0,2
4717,1,0,2
4718,1,0,2
4719,1,0,2
4720,1,0,2
4721,1,0,2
4722,1,0,2
4723,1,0,2
4724,1,0,2
4725,1,0,2
4726,1,0,2
4727,1,0,2
4728,1,0,2
4729,1,0,2
4730,1,0,2
4731,1,0,2
4732,1,0,2
4733,1,0,2
4734,1,0,2
4735,1,0,2
4736,1,0,2
4737,1,0,2
4738,1,0,2
4739,1,0,2
4740,1,0,2
4741,1,0,2
4742,1,0,2
4743,1,0,2
4744,1,0,2
4745,1,0,2
4746,1,0,2
4747,1,0,2
4748,1,0,2
4749,1,0,2
4750,1,0,2
4751,1,0,2
4752,1,0,2
4753,1,0,2
4754,1,0,2
4755,1,0,2
4756,1,0,2
4757,1,0,2
4758,1,0,2
4759,1,0,2
4760,1,0,2
4761,1,0,2
4762,1,0,2
4763,1,0,2
4764,1,0,2
4765,1,0,2
4766,1,0,2
4767,1,0,2
4768,1,0,2
4769,1,0,2
4770,1,0,2
4771,1,0,2
4772,1,0,2
4773,1,0,2
4774,1,0,2
4775,1,0,2
4776,1,0,2
4777,1,0,2
4778,1,0,2
4779,1,0,2
4780,1,0,2
4781,1,0,2
4782,1,0,2
4783,1,0,2
4784,1,0,2
4785,1,0,2
4786,1,0,2
4787,1,0,2
4788,1,0,2
4789,1,0,2
4790,1,0,2
4791,1,0,2
4792,1,0,2
4793,1,0,2
4794,1,0,2
4795,1,0,2
4796,1,0,2
4797,1,0,2
4798,1,0,2
4799,1,0,2
4800,1,0,2
4801,1,0,2
4802,1,0,2
4803,1,0,2
4804,1,0,2
4805,1,0,2
4806,1,0,2
4807,1,0,2
4808,1,0,2
4809,1,0,2
4810,1,0,2
4811,1,0,2
4812,1,0,2
4813,1,0,2
4814,1,0,2
4815,1,0,2
4816,1,0,2
4817,1,0,2
4818,1,0,2
4819,1,0,2
4820,1,0,2
4821,1,0,2
4822,1,0,2
4823,1,0,2
4824,1,0,2
4825,1,0,2
4826,1,0,2
4827,1,0,2
4828,1,0,2
4829,1,0,2
4830,1,0,2
4831,1,0,2
4832,1,0,2
4833,1,0,2
4834,1,0,2
4835,1,0,2
4836,1,0,2
4837,1,0,2
4838,1,0,2
4839,1,0,2
4840,1,0,2
4841,1,0,2
4842,1,0,2
4843,1,0,2
4844,1,0,2
4845,1,0,2
4846,1,0,2
4847,1,0,2
4848,1,0,2
4849,1,0,2
4850,1,0,2
4851,1,0,2
4852,1,0,2
4853,1,0,2
4854,1,0,2
4855,1,0,2
4856,1,0,2
4857,1,0,2
4858,1,0,2
4859,1,0,2
4860,1,0,2
4861,1,0,2
4862,1,0,2
4863,1,0,2
4864,1,0,2
4865,1,0,2
4866,1,0,2
4867,1,0,2
4868,1,0,2
4869,1,0,2
4870,1,0,2
4871,1,0,2
4872,1,0,2
4873,1,0,2
4874,1,0,2
4875,1,0,2
4876,1,0,2
4877,1,0,2
4878,1,0,2
4879,1,0,2
4880,1,0,2
4881,1,0,2
4882,1,0,2
4883,1,0,2
4884,1,0,2
4885,1,0,2
4886,1,0,2
4887,1,0,2
4888,1,0,2
4889,1,0,2
4890,1,0,2
4891,1,0,2
4892,1,0,2
4893,1,0,2
4894,1,0,2
4895,1,0,2
4896,1,0,2
4897,1,0,2
4898,1,0,2
4899,1,0,2
4900,1,0,2
4901,1,0,2
4902,1,0,2
4903,1,0,2
4904,1,0,2
4905,1,0,2
4906,1,0,2
4907,1,0,2
4908,1,0,2
4909,1,0,2
4910,1,0,2
4911,1,0,2
4912,1,0,2
4913,1,0,2
4914,1,0,2
4915,1,0,2
4916,1,0,2
4917,1,0,2
4918,1,0,2
4919,1,0,2
4920,1,0,2
4921,1,0,2
4922,1,0,2
4923,1,0,2
4924,1,0,2
4925,1,0,2
4926,1,0,2
4927,1,0,2
4928,1,0,2
4929,1,0,2
4930,1,0,2
4931,1,0,2
4932,1,0,2
4933,1,0,2
4934,1,0,2
4935,1,0,2
4936,1,0,2
4937,1,0,2
4938,1,0,2
4939,1,0,2
4940,1,0,2
4941,1,0,2
4942,1,0,2
4943,1,0,2
4944,1,0,2
4945,1,0,2
4946,1,0,2
4947,1,0,2
4948,1,0,2
4949,1,0,2
4950,1,0,2
4951,1,0,2
4952,1,0,2
4953,1,0,2
4954,1,0,2
4955,1,0,2
4956,1,0,2
4957,1,0,2
4958,1,0,2
4959,1,0,2
4960,1,0,2
4961,1,0,2
4962,1,0,2
4963,1,0,2
4964,1,0,2
4965,1,0,2
4966,1,0,2
4967,1,0,2
4968,1,0,2
4969,1,0,2
4970,1,0,2
4971,1,0,2
4972,1,0,2
4973,1,0,2
4974,1,0,2
4975,1,0,2
4976,1,0,2
4977,1,0,2
4978,1,0,2
4979,1,0,2
4980,1,0,2
4981,1,0,2
4982,1,0,2
4983,1,0,2
4984,1,0,2
4985,1,0,2
4986,1,0,2
4987,1,0,2
4988,1,0,2
4989,1,0,2
4990,1,0,2
4991,1,0,2
4992,1,0,2
4993,1,0,2
4994,1,0,2
4995,1,0,2
4996,1,0,2
4997,1,0,2
4998,1,0,2
4999,1,0,2
5000,1,0,2
5001,1,0,2
5002,1,0,2
5003,1,0,2
5004,1,0,2
5005,1,0,2
5006,1,0,2
5007,1,0,2
5008,1,0,2
5009,1,0,2
5010,1,0,2
5011,1,0,2
5012,1,0,2
5013,1,0,2
5014,1,0,2
5015,1,0,2
5016,1,0,2
5017,1,0,2
5018,1,0,2
5019,1,0,2
5020,1,0,2
5021,1,0,2
5022,1,0,2
5023,1,0,2
5024,1,0,2
5025,1,0,2
5026,1,0,2
5027,1,0,2
5028,1,0,2
5029,1,0,2
5030,1,0,2
5031,1,0,2
5032,1,0,2
5033,1,0,2
5034,1,0,2
5035,1,0,2
5036,1,0,2
5037,1,0,2
5038,1,0,2
5039,1,0,2
5040,1,0,2
5041,1,0,2
5042,1,0,2
5043,1,0,2
5044,1,0,2
5045,1,0,2
5046,1,0,2
5047,1,0,2
5048,1,0,2
5049,1,0,2
5050,1,0,2
5051,1,0,2
5052,1,0,2
5053,1,0,2
5054,1,0,2
5055,1,0,2
5056,1,0,2
5057,1,0,2
5058,1,0,2
5059,1,0,2
5060,1,0,2
5061,1,0,2
5062,1,0,2
5063,1,0,2
5064,1,0,2
5065,1,0,2
5066,1,0,2
5067,1,0,2
5068,1,0,2
5069,1,0,2
5070,1,0,2
5071,1,0,2
5072,1,0,2
5073,1,0,2
5074,1,0,2
5075,1,0,2
5076,1,0,2
5077,1,0,2
5078,1,0,2
5079,1,0,2
5080,1,0,2
5081,1,0,2
5082,1,0,2
5083,1,0,2
5084,1,0,2
5085,1,0,2
5086,1,0,2
5087,1,0,2
5088,1,0,2
5089,1,0,2
5090,1,0,2
5091,1,0,2
5092,1,0,2
5093,1,0,2
5094,1,0,2
5095,1,0,2
5096,1,0,2
5097,1,0,2
5098,1,0,2
5099,1,0,2
5100,1,0,2
5101,1,0,2
5102,1,0,2
5103,1,0,2
5104,1,0,2
5105,1,0,2
5106,1,0,2
5107,1,0,2
5108,1,0,2
5109,1,0,2
5110,1,0,2
5111,1,0,2
5112,1,0,2
5113,1,0,2
5114,1,0,2
5115,1,0,2
5116,1,0,2
5117,1,0,2
5118,1,0,2
5119,1,0,2
5120,1,0,2
5121,1,0,2
5122,1,0,2
5123,1,0,2
5124,1,0,2
5125,1,0,2
5126,1,0,2
5127,1,0,2
5128,1,0,2
5129,1,0,2
5130,1,0,2
5131,1,0,2
5132,1,0,2
5133,1,0,2
5134,1,0,2
5135,1,0,2
5136,1,0,2
5137,1,0,2
5138,1,0,2
5139,1,0,2
5140,1,0,2
5141,1,0,2
5142,1,0,2
5143,1,0,2
5144,1,0,2
5145,1,0,2
5146,1,0,2
5147,1,0,2
5148,1,0,2
5149,1,0,2
5150,1,0,2
5151,1,0,2
5152,1,0,2
5153,1,0,2
5154,1,0,2
5155,1,0,2
5156,1,0,2
5157,1,0,2
5158,1,0,2
5159,1,0,2
5160,1,0,2
5161,1,0,2
5162,1,0,2
5163,1,0,2
5164,1,0,2
5165,1,0,2
5166,1,0,2
5167,1,0,2
5168,1,0,2
5169,1,0,2
5170,1,0,2
5171,1,0,2
5172,1,0,2
5173,1,0,2
5174,1,0,2
5175,1,0,2
5176,1,0,2
5177,1,0,2
5178,1,0,2
5179,1,0,2
5180,1,0,2
5181,1,0,2
5182,1,0,2
5183,1,0,2
5184,1,0,2
5185,1,0,2
5186,1,0,2
5187,1,0,2
5188,1,0,2
5189,1,0,2
5190,1,0,2
5191,1,0,2
5192,1,0,2
5193,1,0,2
5194,1,0,2
5195,1,0,2
5196,1,0,2
5197,1,0,2
5198,1,0,2
5199,1,0,2
5200,1,0,2
5201,1,0,2
5202,1,0,2
5203,1,0,2
5204,1,0,2
5205,1,0,2
5206,1,0,2
5207,1,0,2
5208,1,0,2
5209,1,0,2
5210,1,0,2
5211,1,0,2
5212,1,0,2
5213,1,0,2
5214,1,0,2
5215,1,0,2
5216,1,0,2
5217,1,0,2
5218,1,0,2
5219,1,0,2
5220,1,0,2
5221,1,0,2
5222,1,0,2
5223,1,0,2
5224,1,0,2
5225,1,0,2
5226,1,0,2
5227,1,0,2
5228,1,0,2
5229,1,0,2
5230,1,0,2
5231,1,0,2
5232,1,0,2
5233,1,0,2
5234,1,0,2
5235,1,0,2
5236,1,0,2
5237,1,0,2
5238,1,0,2
5239,1,0,2
5240,1,0,2
5241,1,0,2
5242,1,0,2
5243,1,0,2
5244,1,0,2
5245,1,0,2
5246,1,0,2
5247,1,0,2
5248,1,0,2
5249,1,0,2
5250,1,0,2
5251,1,0,2
5252,1,0,2
5253,1,0,2
5254,1,0,2
5255,1,0,2
5256,1,0,2
5257,1,0,2
5258,1,0,2
5259,1,0,2
5260,1,0,2
5261,1,0,2
5262,1,0,2
5263,1,0,2
5264,1,0,2
5265,1,0,2
5266,1,0,2
5267,1,0,2
5268,1,0,2
5269,1,0,2
5270,1,0,2
5271,1,0,2
5272,1,0,2
5273,1,0,2
5274,1,0,2
5275,1,0,2
5276,1,0,2
5277,1,0,2
5278,1,0,2
5279,1,0,2
5280,1,0,2
5281,1,0,2
5282,1,0,2
5283,1,0,2
5284,1,0,2
5285,1,0,2
5286,1,0,2
5287,1,0,2
5288,1,0,2
5289,1,0,2
5290,1,0,2
5291,1,0,2
5292,1,0,2
5293,1,0,2
5294,1,0,2
5295,1,0,2
5296,1,0,2
5297,1,0,2
5298,1,0,2
5299,1,0,2
5300,1,0,2
5301,1,0,2
5302,1,0,2
5303,1,0,2
5304,1,0,2
5305,1,0,2
5306,1,0,2
5307,1,0,2
5308,1,0,2
5309,1,0,2
5310,1,0,2
5311,1,0,2
5312,1,0,2
5313,1,0,2
5314,1,0,2
5315,1,0,2
5316,1,0,2
5317,1,0,2
5318,1,0,2
5319,1,0,2
5320,1,0,2
5321,1,0,2
5322,1,0,2
5323,1,0,2
5324,1,0,2
5325,1,0,2
5326,1,0,2
5327,1,0,2
5328,1,0,2
5329,1,0,2
5330,1,0,2
5331,1,0,2
5332,1,0,2
5333,1,0,2
5334,1,0,2
5335,1,0,2
5336,1,0,2
5337,1,0,2
5338,1,0,2
5339,1,0,2
5340,1,0,2
5341,1,0,2
5342,1,0,2
5343,1,0,2
5344,1,0,2
5345,1,0,2
5346,1,0,2
5347,1,0,2
5348,1,0,2
5349,1,0,2
5350,1,0,2
5351,1,0,2
5352,1,0,2
5353,1,0,2
5354,1,0,2
5355,1,0,2
5356,1,0,2
5357,1,0,2
5358,1,0,2
5359,1,0,2
5360,1,0,2
5361,1,0,2
5362,1,0,2
5363,1,0,2
5364,1,0,2
5365,1,0,2
5366,1,0,2
5367,1,0,2
5368,1,0,2
5369,1,0,2
5370,1,0,2
5371,1,0,2
5372,1,0,2
5373,1,0,2
5374,1,0,2
5375,1,0,2
5376,1,0,2
5377,1,0,2
5378,1,0,2
5379,1,0,2
5380,1,0,2
5381,1,0,2
5382,1,0,2
5383,1,0,2
5384,1,0,2
5385,1,0,2
5386,1,0,2
5387,1,0,2
5388,1,0,2
5389,1,0,2
5390,1,0,2
5391,1,0,2
5392,1,0,2
5393,1,0,2
5394,1,0,2
5395,1,0,2
5396,1,0,2
5397,1,0,2
5398,1,0,2
5399,1,0,2
5400,1,0,2
5401,1,0,2
5402,1,0,2
5403,1,0,2
5404,1,0,2
5405,1,0,2
5406,1,0,2
5407,1,0,2
5408,1,0,2
5409,1,0,2
5410,1,0,2
5411,1,0,2
5412,1,0,2
5413,1,0,2
5414,1,0,2
5415,1,0,2
5416,1,0,2
5417,1,0,2
5418,1,0,2
5419,1,0,2
5420,1,0,2
5421,1,0,2
5422,1,0,2
5423,1,0,2
5424,1,0,2
5425,1,0,2
5426,1,0,2
5427,1,0,2
5428,1,0,2
5429,1,0,2
5430,1,0,2
5431,1,0,2
5432,1,0,2
5433,1,0,2
5434,1,0,2
5435,1,0,2
5436,1,0,2
5437,1,0,2
5438,1,0,2
5439,1,0,2
5440,1,0,2
5441,1,0,2
5442,1,0,2
5443,1,0,2
5444,1,0,2
5445,1,0,2
5446,1,0,2
5447,1,0,2
5448,1,0,2
5449,1,0,2
5450,1,0,2
5451,1,0,2
5452,1,0,2
5453,1,0,2
5454,1,0,2
5455,1,0,2
5456,1,0,2
5457,1,0,2
5458,1,0,2
5459,1,0,2
5460,1,0,2
5461,1,0,2
5462,1,0,2
5463,1,0,2
5464,1,0,2
5465,1,0,2
5466,1,0,2
5467,1,0,2
5468,1,0,2
5469,1,0,2
5470,1,0,2
5471,1,0,2
5472,1,0,2
5473,1,0,2
5474,1,0,2
5475,1,0,2
5476,1,0,2
5477,1,0,2
5478,1,0,2
5479,1,0,2
5480,1,0,2
5481,1,0,2
5482,1,0,2
5483,1,0,2
5484,1,0,2
5485,1,0,2
5486,1,0,2
5487,1,0,2
5488,1,0,2
5489,1,0,2
5490,1,0,2
5491,1,0,2
5492,1,0,2
5493,1,0,2
5494,1,0,2
5495,1,0,2
5496,1,0,2
5497,1,0,2
5498,1,0,2
5499,1,0,2
5500,1,0,2
5501,1,0,2
5502,1,0,2
5503,1,0,2
5504,1,0,2
